artist_id,artist_name,endpoint_label,path,params,success,row_count,raw_json_path
3755736,Ranger Trucco,artist_metadata,/api/artist/3755736,{},True,0,chartmetric_len_faki_raw\3755736____api__artist__3755736.json
3755736,Ranger Trucco,artist_urls,/api/artist/3755736/urls,{},True,0,chartmetric_len_faki_raw\3755736____api__artist__3755736__urls.json
3755736,Ranger Trucco,spotify_followers,/api/artist/3755736/stat/spotify,"{""field"": ""followers"", ""since"": ""2025-06-09"", ""until"": ""2026-06-09"", ""interpolated"": ""false""}",True,366,chartmetric_len_faki_raw\3755736____api__artist__3755736__stat__spotify__field-followers__interpolated-false__since-2025-06-09__until-2026-06-09.json
3755736,Ranger Trucco,spotify_listeners,/api/artist/3755736/stat/spotify,"{""field"": ""listeners"", ""since"": ""2025-06-09"", ""until"": ""2026-06-09"", ""interpolated"": ""false""}",True,366,chartmetric_len_faki_raw\3755736____api__artist__3755736__stat__spotify__field-listeners__interpolated-false__since-2025-06-09__until-2026-06-09.json
3755736,Ranger Trucco,spotify_popularity,/api/artist/3755736/stat/spotify,"{""field"": ""popularity"", ""since"": ""2025-06-09"", ""until"": ""2026-06-09"", ""interpolated"": ""false""}",True,328,chartmetric_len_faki_raw\3755736____api__artist__3755736__stat__spotify__field-popularity__interpolated-false__since-2025-06-09__until-2026-06-09.json
3755736,Ranger Trucco,instagram_followers,/api/artist/3755736/stat/instagram,"{""field"": ""followers"", ""since"": ""2025-06-09"", ""until"": ""2026-06-09"", ""interpolated"": ""false""}",True,317,chartmetric_len_faki_raw\3755736____api__artist__3755736__stat__instagram__field-followers__interpolated-false__since-2025-06-09__until-2026-06-09.json
3755736,Ranger Trucco,tiktok_followers,/api/artist/3755736/stat/tiktok,"{""field"": ""followers"", ""since"": ""2025-06-09"", ""until"": ""2026-06-09"", ""interpolated"": ""false""}",True,366,chartmetric_len_faki_raw\3755736____api__artist__3755736__stat__tiktok__field-followers__interpolated-false__since-2025-06-09__until-2026-06-09.json
3755736,Ranger Trucco,tiktok_likes,/api/artist/3755736/stat/tiktok,"{""field"": ""likes"", ""since"": ""2025-06-09"", ""until"": ""2026-06-09"", ""interpolated"": ""false""}",True,366,chartmetric_len_faki_raw\3755736____api__artist__3755736__stat__tiktok__field-likes__interpolated-false__since-2025-06-09__until-2026-06-09.json
3755736,Ranger Trucco,youtube_channel_subscribers,/api/artist/3755736/stat/youtube_channel,"{""field"": ""subscribers"", ""since"": ""2025-06-09"", ""until"": ""2026-06-09"", ""interpolated"": ""false""}",True,365,chartmetric_len_faki_raw\3755736____api__artist__3755736__stat__youtube_channel__field-subscribers__interpolated-false__since-2025-06-09__until-2026-06-09.json
3755736,Ranger Trucco,youtube_channel_views,/api/artist/3755736/stat/youtube_channel,"{""field"": ""views"", ""since"": ""2025-06-09"", ""until"": ""2026-06-09"", ""interpolated"": ""false""}",True,365,chartmetric_len_faki_raw\3755736____api__artist__3755736__stat__youtube_channel__field-views__interpolated-false__since-2025-06-09__until-2026-06-09.json
3755736,Ranger Trucco,youtube_artist_daily_views,/api/artist/3755736/stat/youtube_artist,"{""field"": ""daily_views"", ""since"": ""2025-06-09"", ""until"": ""2026-06-09"", ""interpolated"": ""false""}",True,0,chartmetric_len_faki_raw\3755736____api__artist__3755736__stat__youtube_artist__field-daily_views__interpolated-false__since-2025-06-09__until-2026-06-09.json
3755736,Ranger Trucco,youtube_artist_monthly_views,/api/artist/3755736/stat/youtube_artist,"{""field"": ""monthly_views"", ""since"": ""2025-06-09"", ""until"": ""2026-06-09"", ""interpolated"": ""false""}",True,0,chartmetric_len_faki_raw\3755736____api__artist__3755736__stat__youtube_artist__field-monthly_views__interpolated-false__since-2025-06-09__until-2026-06-09.json
3755736,Ranger Trucco,soundcloud_followers,/api/artist/3755736/stat/soundcloud,"{""field"": ""followers"", ""since"": ""2025-06-09"", ""until"": ""2026-06-09"", ""interpolated"": ""false""}",True,245,chartmetric_len_faki_raw\3755736____api__artist__3755736__stat__soundcloud__field-followers__interpolated-false__since-2025-06-09__until-2026-06-09.json
3755736,Ranger Trucco,cpp_score,/api/artist/3755736/cpp,"{""stat"": ""score"", ""since"": ""2025-06-09"", ""until"": ""2026-06-09""}",True,345,chartmetric_len_faki_raw\3755736____api__artist__3755736__cpp__since-2025-06-09__stat-score__until-2026-06-09.json
3755736,Ranger Trucco,cpp_rank,/api/artist/3755736/cpp,"{""stat"": ""rank"", ""since"": ""2025-06-09"", ""until"": ""2026-06-09""}",True,345,chartmetric_len_faki_raw\3755736____api__artist__3755736__cpp__since-2025-06-09__stat-rank__until-2026-06-09.json
9862026,Benja,artist_metadata,/api/artist/9862026,{},True,0,chartmetric_len_faki_raw\9862026____api__artist__9862026.json
9862026,Benja,artist_urls,/api/artist/9862026/urls,{},True,0,chartmetric_len_faki_raw\9862026____api__artist__9862026__urls.json
9862026,Benja,spotify_followers,/api/artist/9862026/stat/spotify,"{""field"": ""followers"", ""since"": ""2025-06-09"", ""until"": ""2026-06-09"", ""interpolated"": ""false""}",True,366,chartmetric_len_faki_raw\9862026____api__artist__9862026__stat__spotify__field-followers__interpolated-false__since-2025-06-09__until-2026-06-09.json
9862026,Benja,spotify_listeners,/api/artist/9862026/stat/spotify,"{""field"": ""listeners"", ""since"": ""2025-06-09"", ""until"": ""2026-06-09"", ""interpolated"": ""false""}",True,366,chartmetric_len_faki_raw\9862026____api__artist__9862026__stat__spotify__field-listeners__interpolated-false__since-2025-06-09__until-2026-06-09.json
9862026,Benja,spotify_popularity,/api/artist/9862026/stat/spotify,"{""field"": ""popularity"", ""since"": ""2025-06-09"", ""until"": ""2026-06-09"", ""interpolated"": ""false""}",True,309,chartmetric_len_faki_raw\9862026____api__artist__9862026__stat__spotify__field-popularity__interpolated-false__since-2025-06-09__until-2026-06-09.json
9862026,Benja,instagram_followers,/api/artist/9862026/stat/instagram,"{""field"": ""followers"", ""since"": ""2025-06-09"", ""until"": ""2026-06-09"", ""interpolated"": ""false""}",True,148,chartmetric_len_faki_raw\9862026____api__artist__9862026__stat__instagram__field-followers__interpolated-false__since-2025-06-09__until-2026-06-09.json
9862026,Benja,tiktok_followers,/api/artist/9862026/stat/tiktok,"{""field"": ""followers"", ""since"": ""2025-06-09"", ""until"": ""2026-06-09"", ""interpolated"": ""false""}",True,366,chartmetric_len_faki_raw\9862026____api__artist__9862026__stat__tiktok__field-followers__interpolated-false__since-2025-06-09__until-2026-06-09.json
9862026,Benja,tiktok_likes,/api/artist/9862026/stat/tiktok,"{""field"": ""likes"", ""since"": ""2025-06-09"", ""until"": ""2026-06-09"", ""interpolated"": ""false""}",True,366,chartmetric_len_faki_raw\9862026____api__artist__9862026__stat__tiktok__field-likes__interpolated-false__since-2025-06-09__until-2026-06-09.json
9862026,Benja,youtube_channel_subscribers,/api/artist/9862026/stat/youtube_channel,"{""field"": ""subscribers"", ""since"": ""2025-06-09"", ""until"": ""2026-06-09"", ""interpolated"": ""false""}",True,366,chartmetric_len_faki_raw\9862026____api__artist__9862026__stat__youtube_channel__field-subscribers__interpolated-false__since-2025-06-09__until-2026-06-09.json
9862026,Benja,youtube_channel_views,/api/artist/9862026/stat/youtube_channel,"{""field"": ""views"", ""since"": ""2025-06-09"", ""until"": ""2026-06-09"", ""interpolated"": ""false""}",True,366,chartmetric_len_faki_raw\9862026____api__artist__9862026__stat__youtube_channel__field-views__interpolated-false__since-2025-06-09__until-2026-06-09.json
9862026,Benja,youtube_artist_daily_views,/api/artist/9862026/stat/youtube_artist,"{""field"": ""daily_views"", ""since"": ""2025-06-09"", ""until"": ""2026-06-09"", ""interpolated"": ""false""}",True,0,chartmetric_len_faki_raw\9862026____api__artist__9862026__stat__youtube_artist__field-daily_views__interpolated-false__since-2025-06-09__until-2026-06-09.json
9862026,Benja,youtube_artist_monthly_views,/api/artist/9862026/stat/youtube_artist,"{""field"": ""monthly_views"", ""since"": ""2025-06-09"", ""until"": ""2026-06-09"", ""interpolated"": ""false""}",True,0,chartmetric_len_faki_raw\9862026____api__artist__9862026__stat__youtube_artist__field-monthly_views__interpolated-false__since-2025-06-09__until-2026-06-09.json
9862026,Benja,soundcloud_followers,/api/artist/9862026/stat/soundcloud,"{""field"": ""followers"", ""since"": ""2025-06-09"", ""until"": ""2026-06-09"", ""interpolated"": ""false""}",True,181,chartmetric_len_faki_raw\9862026____api__artist__9862026__stat__soundcloud__field-followers__interpolated-false__since-2025-06-09__until-2026-06-09.json
9862026,Benja,cpp_score,/api/artist/9862026/cpp,"{""stat"": ""score"", ""since"": ""2025-06-09"", ""until"": ""2026-06-09""}",True,345,chartmetric_len_faki_raw\9862026____api__artist__9862026__cpp__since-2025-06-09__stat-score__until-2026-06-09.json
9862026,Benja,cpp_rank,/api/artist/9862026/cpp,"{""stat"": ""rank"", ""since"": ""2025-06-09"", ""until"": ""2026-06-09""}",True,345,chartmetric_len_faki_raw\9862026____api__artist__9862026__cpp__since-2025-06-09__stat-rank__until-2026-06-09.json
1366424,Kai King,artist_metadata,/api/artist/1366424,{},True,0,chartmetric_len_faki_raw\1366424____api__artist__1366424.json
1366424,Kai King,artist_urls,/api/artist/1366424/urls,{},True,0,chartmetric_len_faki_raw\1366424____api__artist__1366424__urls.json
1366424,Kai King,spotify_followers,/api/artist/1366424/stat/spotify,"{""field"": ""followers"", ""since"": ""2025-06-09"", ""until"": ""2026-06-09"", ""interpolated"": ""false""}",True,366,chartmetric_len_faki_raw\1366424____api__artist__1366424__stat__spotify__field-followers__interpolated-false__since-2025-06-09__until-2026-06-09.json
1366424,Kai King,spotify_listeners,/api/artist/1366424/stat/spotify,"{""field"": ""listeners"", ""since"": ""2025-06-09"", ""until"": ""2026-06-09"", ""interpolated"": ""false""}",True,366,chartmetric_len_faki_raw\1366424____api__artist__1366424__stat__spotify__field-listeners__interpolated-false__since-2025-06-09__until-2026-06-09.json
1366424,Kai King,spotify_popularity,/api/artist/1366424/stat/spotify,"{""field"": ""popularity"", ""since"": ""2025-06-09"", ""until"": ""2026-06-09"", ""interpolated"": ""false""}",True,87,chartmetric_len_faki_raw\1366424____api__artist__1366424__stat__spotify__field-popularity__interpolated-false__since-2025-06-09__until-2026-06-09.json
1366424,Kai King,instagram_followers,/api/artist/1366424/stat/instagram,"{""field"": ""followers"", ""since"": ""2025-06-09"", ""until"": ""2026-06-09"", ""interpolated"": ""false""}",True,0,chartmetric_len_faki_raw\1366424____api__artist__1366424__stat__instagram__field-followers__interpolated-false__since-2025-06-09__until-2026-06-09.json
1366424,Kai King,tiktok_followers,/api/artist/1366424/stat/tiktok,"{""field"": ""followers"", ""since"": ""2025-06-09"", ""until"": ""2026-06-09"", ""interpolated"": ""false""}",True,0,chartmetric_len_faki_raw\1366424____api__artist__1366424__stat__tiktok__field-followers__interpolated-false__since-2025-06-09__until-2026-06-09.json
1366424,Kai King,tiktok_likes,/api/artist/1366424/stat/tiktok,"{""field"": ""likes"", ""since"": ""2025-06-09"", ""until"": ""2026-06-09"", ""interpolated"": ""false""}",True,0,chartmetric_len_faki_raw\1366424____api__artist__1366424__stat__tiktok__field-likes__interpolated-false__since-2025-06-09__until-2026-06-09.json
1366424,Kai King,youtube_channel_subscribers,/api/artist/1366424/stat/youtube_channel,"{""field"": ""subscribers"", ""since"": ""2025-06-09"", ""until"": ""2026-06-09"", ""interpolated"": ""false""}",True,0,chartmetric_len_faki_raw\1366424____api__artist__1366424__stat__youtube_channel__field-subscribers__interpolated-false__since-2025-06-09__until-2026-06-09.json
1366424,Kai King,youtube_channel_views,/api/artist/1366424/stat/youtube_channel,"{""field"": ""views"", ""since"": ""2025-06-09"", ""until"": ""2026-06-09"", ""interpolated"": ""false""}",True,0,chartmetric_len_faki_raw\1366424____api__artist__1366424__stat__youtube_channel__field-views__interpolated-false__since-2025-06-09__until-2026-06-09.json
1366424,Kai King,youtube_artist_daily_views,/api/artist/1366424/stat/youtube_artist,"{""field"": ""daily_views"", ""since"": ""2025-06-09"", ""until"": ""2026-06-09"", ""interpolated"": ""false""}",True,0,chartmetric_len_faki_raw\1366424____api__artist__1366424__stat__youtube_artist__field-daily_views__interpolated-false__since-2025-06-09__until-2026-06-09.json
1366424,Kai King,youtube_artist_monthly_views,/api/artist/1366424/stat/youtube_artist,"{""field"": ""monthly_views"", ""since"": ""2025-06-09"", ""until"": ""2026-06-09"", ""interpolated"": ""false""}",True,0,chartmetric_len_faki_raw\1366424____api__artist__1366424__stat__youtube_artist__field-monthly_views__interpolated-false__since-2025-06-09__until-2026-06-09.json
1366424,Kai King,soundcloud_followers,/api/artist/1366424/stat/soundcloud,"{""field"": ""followers"", ""since"": ""2025-06-09"", ""until"": ""2026-06-09"", ""interpolated"": ""false""}",True,0,chartmetric_len_faki_raw\1366424____api__artist__1366424__stat__soundcloud__field-followers__interpolated-false__since-2025-06-09__until-2026-06-09.json
1366424,Kai King,cpp_score,/api/artist/1366424/cpp,"{""stat"": ""score"", ""since"": ""2025-06-09"", ""until"": ""2026-06-09""}",True,345,chartmetric_len_faki_raw\1366424____api__artist__1366424__cpp__since-2025-06-09__stat-score__until-2026-06-09.json
1366424,Kai King,cpp_rank,/api/artist/1366424/cpp,"{""stat"": ""rank"", ""since"": ""2025-06-09"", ""until"": ""2026-06-09""}",True,345,chartmetric_len_faki_raw\1366424____api__artist__1366424__cpp__since-2025-06-09__stat-rank__until-2026-06-09.json
11562227,Joëlla Jackson,artist_metadata,/api/artist/11562227,{},True,0,chartmetric_len_faki_raw\11562227____api__artist__11562227.json
11562227,Joëlla Jackson,artist_urls,/api/artist/11562227/urls,{},True,0,chartmetric_len_faki_raw\11562227____api__artist__11562227__urls.json
11562227,Joëlla Jackson,spotify_followers,/api/artist/11562227/stat/spotify,"{""field"": ""followers"", ""since"": ""2025-06-09"", ""until"": ""2026-06-09"", ""interpolated"": ""false""}",True,366,chartmetric_len_faki_raw\11562227____api__artist__11562227__stat__spotify__field-followers__interpolated-false__since-2025-06-09__until-2026-06-09.json
11562227,Joëlla Jackson,spotify_listeners,/api/artist/11562227/stat/spotify,"{""field"": ""listeners"", ""since"": ""2025-06-09"", ""until"": ""2026-06-09"", ""interpolated"": ""false""}",True,366,chartmetric_len_faki_raw\11562227____api__artist__11562227__stat__spotify__field-listeners__interpolated-false__since-2025-06-09__until-2026-06-09.json
11562227,Joëlla Jackson,spotify_popularity,/api/artist/11562227/stat/spotify,"{""field"": ""popularity"", ""since"": ""2025-06-09"", ""until"": ""2026-06-09"", ""interpolated"": ""false""}",True,132,chartmetric_len_faki_raw\11562227____api__artist__11562227__stat__spotify__field-popularity__interpolated-false__since-2025-06-09__until-2026-06-09.json
11562227,Joëlla Jackson,instagram_followers,/api/artist/11562227/stat/instagram,"{""field"": ""followers"", ""since"": ""2025-06-09"", ""until"": ""2026-06-09"", ""interpolated"": ""false""}",True,105,chartmetric_len_faki_raw\11562227____api__artist__11562227__stat__instagram__field-followers__interpolated-false__since-2025-06-09__until-2026-06-09.json
11562227,Joëlla Jackson,tiktok_followers,/api/artist/11562227/stat/tiktok,"{""field"": ""followers"", ""since"": ""2025-06-09"", ""until"": ""2026-06-09"", ""interpolated"": ""false""}",True,0,chartmetric_len_faki_raw\11562227____api__artist__11562227__stat__tiktok__field-followers__interpolated-false__since-2025-06-09__until-2026-06-09.json
11562227,Joëlla Jackson,tiktok_likes,/api/artist/11562227/stat/tiktok,"{""field"": ""likes"", ""since"": ""2025-06-09"", ""until"": ""2026-06-09"", ""interpolated"": ""false""}",True,0,chartmetric_len_faki_raw\11562227____api__artist__11562227__stat__tiktok__field-likes__interpolated-false__since-2025-06-09__until-2026-06-09.json
11562227,Joëlla Jackson,youtube_channel_subscribers,/api/artist/11562227/stat/youtube_channel,"{""field"": ""subscribers"", ""since"": ""2025-06-09"", ""until"": ""2026-06-09"", ""interpolated"": ""false""}",True,110,chartmetric_len_faki_raw\11562227____api__artist__11562227__stat__youtube_channel__field-subscribers__interpolated-false__since-2025-06-09__until-2026-06-09.json
11562227,Joëlla Jackson,youtube_channel_views,/api/artist/11562227/stat/youtube_channel,"{""field"": ""views"", ""since"": ""2025-06-09"", ""until"": ""2026-06-09"", ""interpolated"": ""false""}",True,0,chartmetric_len_faki_raw\11562227____api__artist__11562227__stat__youtube_channel__field-views__interpolated-false__since-2025-06-09__until-2026-06-09.json
11562227,Joëlla Jackson,youtube_artist_daily_views,/api/artist/11562227/stat/youtube_artist,"{""field"": ""daily_views"", ""since"": ""2025-06-09"", ""until"": ""2026-06-09"", ""interpolated"": ""false""}",True,0,chartmetric_len_faki_raw\11562227____api__artist__11562227__stat__youtube_artist__field-daily_views__interpolated-false__since-2025-06-09__until-2026-06-09.json
11562227,Joëlla Jackson,youtube_artist_monthly_views,/api/artist/11562227/stat/youtube_artist,"{""field"": ""monthly_views"", ""since"": ""2025-06-09"", ""until"": ""2026-06-09"", ""interpolated"": ""false""}",True,0,chartmetric_len_faki_raw\11562227____api__artist__11562227__stat__youtube_artist__field-monthly_views__interpolated-false__since-2025-06-09__until-2026-06-09.json
11562227,Joëlla Jackson,soundcloud_followers,/api/artist/11562227/stat/soundcloud,"{""field"": ""followers"", ""since"": ""2025-06-09"", ""until"": ""2026-06-09"", ""interpolated"": ""false""}",True,6,chartmetric_len_faki_raw\11562227____api__artist__11562227__stat__soundcloud__field-followers__interpolated-false__since-2025-06-09__until-2026-06-09.json
11562227,Joëlla Jackson,cpp_score,/api/artist/11562227/cpp,"{""stat"": ""score"", ""since"": ""2025-06-09"", ""until"": ""2026-06-09""}",False,0,
11562227,Joëlla Jackson,cpp_rank,/api/artist/11562227/cpp,"{""stat"": ""rank"", ""since"": ""2025-06-09"", ""until"": ""2026-06-09""}",True,345,chartmetric_len_faki_raw\11562227____api__artist__11562227__cpp__since-2025-06-09__stat-rank__until-2026-06-09.json
11805352,22 Interns,artist_metadata,/api/artist/11805352,{},True,0,chartmetric_len_faki_raw\11805352____api__artist__11805352.json
11805352,22 Interns,artist_urls,/api/artist/11805352/urls,{},True,0,chartmetric_len_faki_raw\11805352____api__artist__11805352__urls.json
11805352,22 Interns,spotify_followers,/api/artist/11805352/stat/spotify,"{""field"": ""followers"", ""since"": ""2025-06-09"", ""until"": ""2026-06-09"", ""interpolated"": ""false""}",True,366,chartmetric_len_faki_raw\11805352____api__artist__11805352__stat__spotify__field-followers__interpolated-false__since-2025-06-09__until-2026-06-09.json
11805352,22 Interns,spotify_listeners,/api/artist/11805352/stat/spotify,"{""field"": ""listeners"", ""since"": ""2025-06-09"", ""until"": ""2026-06-09"", ""interpolated"": ""false""}",True,366,chartmetric_len_faki_raw\11805352____api__artist__11805352__stat__spotify__field-listeners__interpolated-false__since-2025-06-09__until-2026-06-09.json
11805352,22 Interns,spotify_popularity,/api/artist/11805352/stat/spotify,"{""field"": ""popularity"", ""since"": ""2025-06-09"", ""until"": ""2026-06-09"", ""interpolated"": ""false""}",True,160,chartmetric_len_faki_raw\11805352____api__artist__11805352__stat__spotify__field-popularity__interpolated-false__since-2025-06-09__until-2026-06-09.json
11805352,22 Interns,instagram_followers,/api/artist/11805352/stat/instagram,"{""field"": ""followers"", ""since"": ""2025-06-09"", ""until"": ""2026-06-09"", ""interpolated"": ""false""}",True,110,chartmetric_len_faki_raw\11805352____api__artist__11805352__stat__instagram__field-followers__interpolated-false__since-2025-06-09__until-2026-06-09.json
11805352,22 Interns,tiktok_followers,/api/artist/11805352/stat/tiktok,"{""field"": ""followers"", ""since"": ""2025-06-09"", ""until"": ""2026-06-09"", ""interpolated"": ""false""}",True,0,chartmetric_len_faki_raw\11805352____api__artist__11805352__stat__tiktok__field-followers__interpolated-false__since-2025-06-09__until-2026-06-09.json
11805352,22 Interns,tiktok_likes,/api/artist/11805352/stat/tiktok,"{""field"": ""likes"", ""since"": ""2025-06-09"", ""until"": ""2026-06-09"", ""interpolated"": ""false""}",True,0,chartmetric_len_faki_raw\11805352____api__artist__11805352__stat__tiktok__field-likes__interpolated-false__since-2025-06-09__until-2026-06-09.json
11805352,22 Interns,youtube_channel_subscribers,/api/artist/11805352/stat/youtube_channel,"{""field"": ""subscribers"", ""since"": ""2025-06-09"", ""until"": ""2026-06-09"", ""interpolated"": ""false""}",True,0,chartmetric_len_faki_raw\11805352____api__artist__11805352__stat__youtube_channel__field-subscribers__interpolated-false__since-2025-06-09__until-2026-06-09.json
11805352,22 Interns,youtube_channel_views,/api/artist/11805352/stat/youtube_channel,"{""field"": ""views"", ""since"": ""2025-06-09"", ""until"": ""2026-06-09"", ""interpolated"": ""false""}",True,0,chartmetric_len_faki_raw\11805352____api__artist__11805352__stat__youtube_channel__field-views__interpolated-false__since-2025-06-09__until-2026-06-09.json
11805352,22 Interns,youtube_artist_daily_views,/api/artist/11805352/stat/youtube_artist,"{""field"": ""daily_views"", ""since"": ""2025-06-09"", ""until"": ""2026-06-09"", ""interpolated"": ""false""}",True,0,chartmetric_len_faki_raw\11805352____api__artist__11805352__stat__youtube_artist__field-daily_views__interpolated-false__since-2025-06-09__until-2026-06-09.json
11805352,22 Interns,youtube_artist_monthly_views,/api/artist/11805352/stat/youtube_artist,"{""field"": ""monthly_views"", ""since"": ""2025-06-09"", ""until"": ""2026-06-09"", ""interpolated"": ""false""}",True,0,chartmetric_len_faki_raw\11805352____api__artist__11805352__stat__youtube_artist__field-monthly_views__interpolated-false__since-2025-06-09__until-2026-06-09.json
11805352,22 Interns,soundcloud_followers,/api/artist/11805352/stat/soundcloud,"{""field"": ""followers"", ""since"": ""2025-06-09"", ""until"": ""2026-06-09"", ""interpolated"": ""false""}",True,113,chartmetric_len_faki_raw\11805352____api__artist__11805352__stat__soundcloud__field-followers__interpolated-false__since-2025-06-09__until-2026-06-09.json
11805352,22 Interns,cpp_score,/api/artist/11805352/cpp,"{""stat"": ""score"", ""since"": ""2025-06-09"", ""until"": ""2026-06-09""}",True,345,chartmetric_len_faki_raw\11805352____api__artist__11805352__cpp__since-2025-06-09__stat-score__until-2026-06-09.json
11805352,22 Interns,cpp_rank,/api/artist/11805352/cpp,"{""stat"": ""rank"", ""since"": ""2025-06-09"", ""until"": ""2026-06-09""}",True,345,chartmetric_len_faki_raw\11805352____api__artist__11805352__cpp__since-2025-06-09__stat-rank__until-2026-06-09.json
481237,8Kays,artist_metadata,/api/artist/481237,{},True,0,chartmetric_len_faki_raw\481237____api__artist__481237.json
481237,8Kays,artist_urls,/api/artist/481237/urls,{},True,0,chartmetric_len_faki_raw\481237____api__artist__481237__urls.json
481237,8Kays,spotify_followers,/api/artist/481237/stat/spotify,"{""field"": ""followers"", ""since"": ""2025-06-09"", ""until"": ""2026-06-09"", ""interpolated"": ""false""}",True,366,chartmetric_len_faki_raw\481237____api__artist__481237__stat__spotify__field-followers__interpolated-false__since-2025-06-09__until-2026-06-09.json
481237,8Kays,spotify_listeners,/api/artist/481237/stat/spotify,"{""field"": ""listeners"", ""since"": ""2025-06-09"", ""until"": ""2026-06-09"", ""interpolated"": ""false""}",True,366,chartmetric_len_faki_raw\481237____api__artist__481237__stat__spotify__field-listeners__interpolated-false__since-2025-06-09__until-2026-06-09.json
481237,8Kays,spotify_popularity,/api/artist/481237/stat/spotify,"{""field"": ""popularity"", ""since"": ""2025-06-09"", ""until"": ""2026-06-09"", ""interpolated"": ""false""}",True,321,chartmetric_len_faki_raw\481237____api__artist__481237__stat__spotify__field-popularity__interpolated-false__since-2025-06-09__until-2026-06-09.json
481237,8Kays,instagram_followers,/api/artist/481237/stat/instagram,"{""field"": ""followers"", ""since"": ""2025-06-09"", ""until"": ""2026-06-09"", ""interpolated"": ""false""}",True,319,chartmetric_len_faki_raw\481237____api__artist__481237__stat__instagram__field-followers__interpolated-false__since-2025-06-09__until-2026-06-09.json
481237,8Kays,tiktok_followers,/api/artist/481237/stat/tiktok,"{""field"": ""followers"", ""since"": ""2025-06-09"", ""until"": ""2026-06-09"", ""interpolated"": ""false""}",True,0,chartmetric_len_faki_raw\481237____api__artist__481237__stat__tiktok__field-followers__interpolated-false__since-2025-06-09__until-2026-06-09.json
481237,8Kays,tiktok_likes,/api/artist/481237/stat/tiktok,"{""field"": ""likes"", ""since"": ""2025-06-09"", ""until"": ""2026-06-09"", ""interpolated"": ""false""}",True,0,chartmetric_len_faki_raw\481237____api__artist__481237__stat__tiktok__field-likes__interpolated-false__since-2025-06-09__until-2026-06-09.json
481237,8Kays,youtube_channel_subscribers,/api/artist/481237/stat/youtube_channel,"{""field"": ""subscribers"", ""since"": ""2025-06-09"", ""until"": ""2026-06-09"", ""interpolated"": ""false""}",True,366,chartmetric_len_faki_raw\481237____api__artist__481237__stat__youtube_channel__field-subscribers__interpolated-false__since-2025-06-09__until-2026-06-09.json
481237,8Kays,youtube_channel_views,/api/artist/481237/stat/youtube_channel,"{""field"": ""views"", ""since"": ""2025-06-09"", ""until"": ""2026-06-09"", ""interpolated"": ""false""}",True,365,chartmetric_len_faki_raw\481237____api__artist__481237__stat__youtube_channel__field-views__interpolated-false__since-2025-06-09__until-2026-06-09.json
481237,8Kays,youtube_artist_daily_views,/api/artist/481237/stat/youtube_artist,"{""field"": ""daily_views"", ""since"": ""2025-06-09"", ""until"": ""2026-06-09"", ""interpolated"": ""false""}",True,0,chartmetric_len_faki_raw\481237____api__artist__481237__stat__youtube_artist__field-daily_views__interpolated-false__since-2025-06-09__until-2026-06-09.json
481237,8Kays,youtube_artist_monthly_views,/api/artist/481237/stat/youtube_artist,"{""field"": ""monthly_views"", ""since"": ""2025-06-09"", ""until"": ""2026-06-09"", ""interpolated"": ""false""}",True,0,chartmetric_len_faki_raw\481237____api__artist__481237__stat__youtube_artist__field-monthly_views__interpolated-false__since-2025-06-09__until-2026-06-09.json
481237,8Kays,soundcloud_followers,/api/artist/481237/stat/soundcloud,"{""field"": ""followers"", ""since"": ""2025-06-09"", ""until"": ""2026-06-09"", ""interpolated"": ""false""}",True,349,chartmetric_len_faki_raw\481237____api__artist__481237__stat__soundcloud__field-followers__interpolated-false__since-2025-06-09__until-2026-06-09.json
481237,8Kays,cpp_score,/api/artist/481237/cpp,"{""stat"": ""score"", ""since"": ""2025-06-09"", ""until"": ""2026-06-09""}",True,345,chartmetric_len_faki_raw\481237____api__artist__481237__cpp__since-2025-06-09__stat-score__until-2026-06-09.json
481237,8Kays,cpp_rank,/api/artist/481237/cpp,"{""stat"": ""rank"", ""since"": ""2025-06-09"", ""until"": ""2026-06-09""}",True,345,chartmetric_len_faki_raw\481237____api__artist__481237__cpp__since-2025-06-09__stat-rank__until-2026-06-09.json
1495110,A Strange Wedding,artist_metadata,/api/artist/1495110,{},True,0,chartmetric_len_faki_raw\1495110____api__artist__1495110.json
1495110,A Strange Wedding,artist_urls,/api/artist/1495110/urls,{},True,0,chartmetric_len_faki_raw\1495110____api__artist__1495110__urls.json
1495110,A Strange Wedding,spotify_followers,/api/artist/1495110/stat/spotify,"{""field"": ""followers"", ""since"": ""2025-06-09"", ""until"": ""2026-06-09"", ""interpolated"": ""false""}",True,366,chartmetric_len_faki_raw\1495110____api__artist__1495110__stat__spotify__field-followers__interpolated-false__since-2025-06-09__until-2026-06-09.json
1495110,A Strange Wedding,spotify_listeners,/api/artist/1495110/stat/spotify,"{""field"": ""listeners"", ""since"": ""2025-06-09"", ""until"": ""2026-06-09"", ""interpolated"": ""false""}",True,366,chartmetric_len_faki_raw\1495110____api__artist__1495110__stat__spotify__field-listeners__interpolated-false__since-2025-06-09__until-2026-06-09.json
1495110,A Strange Wedding,spotify_popularity,/api/artist/1495110/stat/spotify,"{""field"": ""popularity"", ""since"": ""2025-06-09"", ""until"": ""2026-06-09"", ""interpolated"": ""false""}",True,17,chartmetric_len_faki_raw\1495110____api__artist__1495110__stat__spotify__field-popularity__interpolated-false__since-2025-06-09__until-2026-06-09.json
1495110,A Strange Wedding,instagram_followers,/api/artist/1495110/stat/instagram,"{""field"": ""followers"", ""since"": ""2025-06-09"", ""until"": ""2026-06-09"", ""interpolated"": ""false""}",True,0,chartmetric_len_faki_raw\1495110____api__artist__1495110__stat__instagram__field-followers__interpolated-false__since-2025-06-09__until-2026-06-09.json
1495110,A Strange Wedding,tiktok_followers,/api/artist/1495110/stat/tiktok,"{""field"": ""followers"", ""since"": ""2025-06-09"", ""until"": ""2026-06-09"", ""interpolated"": ""false""}",True,0,chartmetric_len_faki_raw\1495110____api__artist__1495110__stat__tiktok__field-followers__interpolated-false__since-2025-06-09__until-2026-06-09.json
1495110,A Strange Wedding,tiktok_likes,/api/artist/1495110/stat/tiktok,"{""field"": ""likes"", ""since"": ""2025-06-09"", ""until"": ""2026-06-09"", ""interpolated"": ""false""}",True,0,chartmetric_len_faki_raw\1495110____api__artist__1495110__stat__tiktok__field-likes__interpolated-false__since-2025-06-09__until-2026-06-09.json
1495110,A Strange Wedding,youtube_channel_subscribers,/api/artist/1495110/stat/youtube_channel,"{""field"": ""subscribers"", ""since"": ""2025-06-09"", ""until"": ""2026-06-09"", ""interpolated"": ""false""}",True,0,chartmetric_len_faki_raw\1495110____api__artist__1495110__stat__youtube_channel__field-subscribers__interpolated-false__since-2025-06-09__until-2026-06-09.json
1495110,A Strange Wedding,youtube_channel_views,/api/artist/1495110/stat/youtube_channel,"{""field"": ""views"", ""since"": ""2025-06-09"", ""until"": ""2026-06-09"", ""interpolated"": ""false""}",True,0,chartmetric_len_faki_raw\1495110____api__artist__1495110__stat__youtube_channel__field-views__interpolated-false__since-2025-06-09__until-2026-06-09.json
1495110,A Strange Wedding,youtube_artist_daily_views,/api/artist/1495110/stat/youtube_artist,"{""field"": ""daily_views"", ""since"": ""2025-06-09"", ""until"": ""2026-06-09"", ""interpolated"": ""false""}",True,0,chartmetric_len_faki_raw\1495110____api__artist__1495110__stat__youtube_artist__field-daily_views__interpolated-false__since-2025-06-09__until-2026-06-09.json
1495110,A Strange Wedding,youtube_artist_monthly_views,/api/artist/1495110/stat/youtube_artist,"{""field"": ""monthly_views"", ""since"": ""2025-06-09"", ""until"": ""2026-06-09"", ""interpolated"": ""false""}",True,0,chartmetric_len_faki_raw\1495110____api__artist__1495110__stat__youtube_artist__field-monthly_views__interpolated-false__since-2025-06-09__until-2026-06-09.json
1495110,A Strange Wedding,soundcloud_followers,/api/artist/1495110/stat/soundcloud,"{""field"": ""followers"", ""since"": ""2025-06-09"", ""until"": ""2026-06-09"", ""interpolated"": ""false""}",True,0,chartmetric_len_faki_raw\1495110____api__artist__1495110__stat__soundcloud__field-followers__interpolated-false__since-2025-06-09__until-2026-06-09.json
1495110,A Strange Wedding,cpp_score,/api/artist/1495110/cpp,"{""stat"": ""score"", ""since"": ""2025-06-09"", ""until"": ""2026-06-09""}",False,0,
1495110,A Strange Wedding,cpp_rank,/api/artist/1495110/cpp,"{""stat"": ""rank"", ""since"": ""2025-06-09"", ""until"": ""2026-06-09""}",True,345,chartmetric_len_faki_raw\1495110____api__artist__1495110__cpp__since-2025-06-09__stat-rank__until-2026-06-09.json
1453245,AADJA,artist_metadata,/api/artist/1453245,{},True,0,chartmetric_len_faki_raw\1453245____api__artist__1453245.json
1453245,AADJA,artist_urls,/api/artist/1453245/urls,{},True,0,chartmetric_len_faki_raw\1453245____api__artist__1453245__urls.json
1453245,AADJA,spotify_followers,/api/artist/1453245/stat/spotify,"{""field"": ""followers"", ""since"": ""2025-06-09"", ""until"": ""2026-06-09"", ""interpolated"": ""false""}",True,366,chartmetric_len_faki_raw\1453245____api__artist__1453245__stat__spotify__field-followers__interpolated-false__since-2025-06-09__until-2026-06-09.json
1453245,AADJA,spotify_listeners,/api/artist/1453245/stat/spotify,"{""field"": ""listeners"", ""since"": ""2025-06-09"", ""until"": ""2026-06-09"", ""interpolated"": ""false""}",True,366,chartmetric_len_faki_raw\1453245____api__artist__1453245__stat__spotify__field-listeners__interpolated-false__since-2025-06-09__until-2026-06-09.json
1453245,AADJA,spotify_popularity,/api/artist/1453245/stat/spotify,"{""field"": ""popularity"", ""since"": ""2025-06-09"", ""until"": ""2026-06-09"", ""interpolated"": ""false""}",True,138,chartmetric_len_faki_raw\1453245____api__artist__1453245__stat__spotify__field-popularity__interpolated-false__since-2025-06-09__until-2026-06-09.json
1453245,AADJA,instagram_followers,/api/artist/1453245/stat/instagram,"{""field"": ""followers"", ""since"": ""2025-06-09"", ""until"": ""2026-06-09"", ""interpolated"": ""false""}",True,86,chartmetric_len_faki_raw\1453245____api__artist__1453245__stat__instagram__field-followers__interpolated-false__since-2025-06-09__until-2026-06-09.json
1453245,AADJA,tiktok_followers,/api/artist/1453245/stat/tiktok,"{""field"": ""followers"", ""since"": ""2025-06-09"", ""until"": ""2026-06-09"", ""interpolated"": ""false""}",True,0,chartmetric_len_faki_raw\1453245____api__artist__1453245__stat__tiktok__field-followers__interpolated-false__since-2025-06-09__until-2026-06-09.json
1453245,AADJA,tiktok_likes,/api/artist/1453245/stat/tiktok,"{""field"": ""likes"", ""since"": ""2025-06-09"", ""until"": ""2026-06-09"", ""interpolated"": ""false""}",True,0,chartmetric_len_faki_raw\1453245____api__artist__1453245__stat__tiktok__field-likes__interpolated-false__since-2025-06-09__until-2026-06-09.json
1453245,AADJA,youtube_channel_subscribers,/api/artist/1453245/stat/youtube_channel,"{""field"": ""subscribers"", ""since"": ""2025-06-09"", ""until"": ""2026-06-09"", ""interpolated"": ""false""}",True,165,chartmetric_len_faki_raw\1453245____api__artist__1453245__stat__youtube_channel__field-subscribers__interpolated-false__since-2025-06-09__until-2026-06-09.json
1453245,AADJA,youtube_channel_views,/api/artist/1453245/stat/youtube_channel,"{""field"": ""views"", ""since"": ""2025-06-09"", ""until"": ""2026-06-09"", ""interpolated"": ""false""}",True,165,chartmetric_len_faki_raw\1453245____api__artist__1453245__stat__youtube_channel__field-views__interpolated-false__since-2025-06-09__until-2026-06-09.json
1453245,AADJA,youtube_artist_daily_views,/api/artist/1453245/stat/youtube_artist,"{""field"": ""daily_views"", ""since"": ""2025-06-09"", ""until"": ""2026-06-09"", ""interpolated"": ""false""}",True,0,chartmetric_len_faki_raw\1453245____api__artist__1453245__stat__youtube_artist__field-daily_views__interpolated-false__since-2025-06-09__until-2026-06-09.json
1453245,AADJA,youtube_artist_monthly_views,/api/artist/1453245/stat/youtube_artist,"{""field"": ""monthly_views"", ""since"": ""2025-06-09"", ""until"": ""2026-06-09"", ""interpolated"": ""false""}",True,0,chartmetric_len_faki_raw\1453245____api__artist__1453245__stat__youtube_artist__field-monthly_views__interpolated-false__since-2025-06-09__until-2026-06-09.json
1453245,AADJA,soundcloud_followers,/api/artist/1453245/stat/soundcloud,"{""field"": ""followers"", ""since"": ""2025-06-09"", ""until"": ""2026-06-09"", ""interpolated"": ""false""}",True,164,chartmetric_len_faki_raw\1453245____api__artist__1453245__stat__soundcloud__field-followers__interpolated-false__since-2025-06-09__until-2026-06-09.json
1453245,AADJA,cpp_score,/api/artist/1453245/cpp,"{""stat"": ""score"", ""since"": ""2025-06-09"", ""until"": ""2026-06-09""}",True,345,chartmetric_len_faki_raw\1453245____api__artist__1453245__cpp__since-2025-06-09__stat-score__until-2026-06-09.json
1453245,AADJA,cpp_rank,/api/artist/1453245/cpp,"{""stat"": ""rank"", ""since"": ""2025-06-09"", ""until"": ""2026-06-09""}",True,345,chartmetric_len_faki_raw\1453245____api__artist__1453245__cpp__since-2025-06-09__stat-rank__until-2026-06-09.json
1639291,Aaron J,artist_metadata,/api/artist/1639291,{},True,0,chartmetric_len_faki_raw\1639291____api__artist__1639291.json
1639291,Aaron J,artist_urls,/api/artist/1639291/urls,{},True,0,chartmetric_len_faki_raw\1639291____api__artist__1639291__urls.json
1639291,Aaron J,spotify_followers,/api/artist/1639291/stat/spotify,"{""field"": ""followers"", ""since"": ""2025-06-09"", ""until"": ""2026-06-09"", ""interpolated"": ""false""}",True,366,chartmetric_len_faki_raw\1639291____api__artist__1639291__stat__spotify__field-followers__interpolated-false__since-2025-06-09__until-2026-06-09.json
1639291,Aaron J,spotify_listeners,/api/artist/1639291/stat/spotify,"{""field"": ""listeners"", ""since"": ""2025-06-09"", ""until"": ""2026-06-09"", ""interpolated"": ""false""}",True,366,chartmetric_len_faki_raw\1639291____api__artist__1639291__stat__spotify__field-listeners__interpolated-false__since-2025-06-09__until-2026-06-09.json
1639291,Aaron J,spotify_popularity,/api/artist/1639291/stat/spotify,"{""field"": ""popularity"", ""since"": ""2025-06-09"", ""until"": ""2026-06-09"", ""interpolated"": ""false""}",True,8,chartmetric_len_faki_raw\1639291____api__artist__1639291__stat__spotify__field-popularity__interpolated-false__since-2025-06-09__until-2026-06-09.json
1639291,Aaron J,instagram_followers,/api/artist/1639291/stat/instagram,"{""field"": ""followers"", ""since"": ""2025-06-09"", ""until"": ""2026-06-09"", ""interpolated"": ""false""}",True,1,chartmetric_len_faki_raw\1639291____api__artist__1639291__stat__instagram__field-followers__interpolated-false__since-2025-06-09__until-2026-06-09.json
1639291,Aaron J,tiktok_followers,/api/artist/1639291/stat/tiktok,"{""field"": ""followers"", ""since"": ""2025-06-09"", ""until"": ""2026-06-09"", ""interpolated"": ""false""}",True,0,chartmetric_len_faki_raw\1639291____api__artist__1639291__stat__tiktok__field-followers__interpolated-false__since-2025-06-09__until-2026-06-09.json
1639291,Aaron J,tiktok_likes,/api/artist/1639291/stat/tiktok,"{""field"": ""likes"", ""since"": ""2025-06-09"", ""until"": ""2026-06-09"", ""interpolated"": ""false""}",False,0,
1639291,Aaron J,youtube_channel_subscribers,/api/artist/1639291/stat/youtube_channel,"{""field"": ""subscribers"", ""since"": ""2025-06-09"", ""until"": ""2026-06-09"", ""interpolated"": ""false""}",True,0,chartmetric_len_faki_raw\1639291____api__artist__1639291__stat__youtube_channel__field-subscribers__interpolated-false__since-2025-06-09__until-2026-06-09.json
1639291,Aaron J,youtube_channel_views,/api/artist/1639291/stat/youtube_channel,"{""field"": ""views"", ""since"": ""2025-06-09"", ""until"": ""2026-06-09"", ""interpolated"": ""false""}",True,0,chartmetric_len_faki_raw\1639291____api__artist__1639291__stat__youtube_channel__field-views__interpolated-false__since-2025-06-09__until-2026-06-09.json
1639291,Aaron J,youtube_artist_daily_views,/api/artist/1639291/stat/youtube_artist,"{""field"": ""daily_views"", ""since"": ""2025-06-09"", ""until"": ""2026-06-09"", ""interpolated"": ""false""}",True,0,chartmetric_len_faki_raw\1639291____api__artist__1639291__stat__youtube_artist__field-daily_views__interpolated-false__since-2025-06-09__until-2026-06-09.json
1639291,Aaron J,youtube_artist_monthly_views,/api/artist/1639291/stat/youtube_artist,"{""field"": ""monthly_views"", ""since"": ""2025-06-09"", ""until"": ""2026-06-09"", ""interpolated"": ""false""}",True,0,chartmetric_len_faki_raw\1639291____api__artist__1639291__stat__youtube_artist__field-monthly_views__interpolated-false__since-2025-06-09__until-2026-06-09.json
1639291,Aaron J,soundcloud_followers,/api/artist/1639291/stat/soundcloud,"{""field"": ""followers"", ""since"": ""2025-06-09"", ""until"": ""2026-06-09"", ""interpolated"": ""false""}",True,105,chartmetric_len_faki_raw\1639291____api__artist__1639291__stat__soundcloud__field-followers__interpolated-false__since-2025-06-09__until-2026-06-09.json
1639291,Aaron J,cpp_score,/api/artist/1639291/cpp,"{""stat"": ""score"", ""since"": ""2025-06-09"", ""until"": ""2026-06-09""}",True,345,chartmetric_len_faki_raw\1639291____api__artist__1639291__cpp__since-2025-06-09__stat-score__until-2026-06-09.json
1639291,Aaron J,cpp_rank,/api/artist/1639291/cpp,"{""stat"": ""rank"", ""since"": ""2025-06-09"", ""until"": ""2026-06-09""}",True,345,chartmetric_len_faki_raw\1639291____api__artist__1639291__cpp__since-2025-06-09__stat-rank__until-2026-06-09.json
522172,Abstract Division,artist_metadata,/api/artist/522172,{},True,0,chartmetric_len_faki_raw\522172____api__artist__522172.json
522172,Abstract Division,artist_urls,/api/artist/522172/urls,{},True,0,chartmetric_len_faki_raw\522172____api__artist__522172__urls.json
522172,Abstract Division,spotify_followers,/api/artist/522172/stat/spotify,"{""field"": ""followers"", ""since"": ""2025-06-09"", ""until"": ""2026-06-09"", ""interpolated"": ""false""}",True,366,chartmetric_len_faki_raw\522172____api__artist__522172__stat__spotify__field-followers__interpolated-false__since-2025-06-09__until-2026-06-09.json
522172,Abstract Division,spotify_listeners,/api/artist/522172/stat/spotify,"{""field"": ""listeners"", ""since"": ""2025-06-09"", ""until"": ""2026-06-09"", ""interpolated"": ""false""}",True,366,chartmetric_len_faki_raw\522172____api__artist__522172__stat__spotify__field-listeners__interpolated-false__since-2025-06-09__until-2026-06-09.json
522172,Abstract Division,spotify_popularity,/api/artist/522172/stat/spotify,"{""field"": ""popularity"", ""since"": ""2025-06-09"", ""until"": ""2026-06-09"", ""interpolated"": ""false""}",True,170,chartmetric_len_faki_raw\522172____api__artist__522172__stat__spotify__field-popularity__interpolated-false__since-2025-06-09__until-2026-06-09.json
522172,Abstract Division,instagram_followers,/api/artist/522172/stat/instagram,"{""field"": ""followers"", ""since"": ""2025-06-09"", ""until"": ""2026-06-09"", ""interpolated"": ""false""}",True,317,chartmetric_len_faki_raw\522172____api__artist__522172__stat__instagram__field-followers__interpolated-false__since-2025-06-09__until-2026-06-09.json
522172,Abstract Division,tiktok_followers,/api/artist/522172/stat/tiktok,"{""field"": ""followers"", ""since"": ""2025-06-09"", ""until"": ""2026-06-09"", ""interpolated"": ""false""}",True,0,chartmetric_len_faki_raw\522172____api__artist__522172__stat__tiktok__field-followers__interpolated-false__since-2025-06-09__until-2026-06-09.json
522172,Abstract Division,tiktok_likes,/api/artist/522172/stat/tiktok,"{""field"": ""likes"", ""since"": ""2025-06-09"", ""until"": ""2026-06-09"", ""interpolated"": ""false""}",True,0,chartmetric_len_faki_raw\522172____api__artist__522172__stat__tiktok__field-likes__interpolated-false__since-2025-06-09__until-2026-06-09.json
522172,Abstract Division,youtube_channel_subscribers,/api/artist/522172/stat/youtube_channel,"{""field"": ""subscribers"", ""since"": ""2025-06-09"", ""until"": ""2026-06-09"", ""interpolated"": ""false""}",True,114,chartmetric_len_faki_raw\522172____api__artist__522172__stat__youtube_channel__field-subscribers__interpolated-false__since-2025-06-09__until-2026-06-09.json
522172,Abstract Division,youtube_channel_views,/api/artist/522172/stat/youtube_channel,"{""field"": ""views"", ""since"": ""2025-06-09"", ""until"": ""2026-06-09"", ""interpolated"": ""false""}",True,114,chartmetric_len_faki_raw\522172____api__artist__522172__stat__youtube_channel__field-views__interpolated-false__since-2025-06-09__until-2026-06-09.json
522172,Abstract Division,youtube_artist_daily_views,/api/artist/522172/stat/youtube_artist,"{""field"": ""daily_views"", ""since"": ""2025-06-09"", ""until"": ""2026-06-09"", ""interpolated"": ""false""}",True,0,chartmetric_len_faki_raw\522172____api__artist__522172__stat__youtube_artist__field-daily_views__interpolated-false__since-2025-06-09__until-2026-06-09.json
522172,Abstract Division,youtube_artist_monthly_views,/api/artist/522172/stat/youtube_artist,"{""field"": ""monthly_views"", ""since"": ""2025-06-09"", ""until"": ""2026-06-09"", ""interpolated"": ""false""}",True,0,chartmetric_len_faki_raw\522172____api__artist__522172__stat__youtube_artist__field-monthly_views__interpolated-false__since-2025-06-09__until-2026-06-09.json
522172,Abstract Division,soundcloud_followers,/api/artist/522172/stat/soundcloud,"{""field"": ""followers"", ""since"": ""2025-06-09"", ""until"": ""2026-06-09"", ""interpolated"": ""false""}",True,339,chartmetric_len_faki_raw\522172____api__artist__522172__stat__soundcloud__field-followers__interpolated-false__since-2025-06-09__until-2026-06-09.json
522172,Abstract Division,cpp_score,/api/artist/522172/cpp,"{""stat"": ""score"", ""since"": ""2025-06-09"", ""until"": ""2026-06-09""}",True,345,chartmetric_len_faki_raw\522172____api__artist__522172__cpp__since-2025-06-09__stat-score__until-2026-06-09.json
522172,Abstract Division,cpp_rank,/api/artist/522172/cpp,"{""stat"": ""rank"", ""since"": ""2025-06-09"", ""until"": ""2026-06-09""}",True,345,chartmetric_len_faki_raw\522172____api__artist__522172__cpp__since-2025-06-09__stat-rank__until-2026-06-09.json
