artist_id,artist_name
artist_00001,Ranger Trucco
artist_00002,Benja
artist_00003,Kai king
artist_00004,Joëlla Jackson
artist_00005,22 Interns
artist_00006,22:00-00:00 Benja & franc fala
artist_00007,8Kays
artist_00008,A Strange Wedding
artist_00014,Aadja
artist_00015,Aaron J
artist_00016,Abstract Division
artist_00761,ace of demons
artist_00762,acidheaven
artist_00017,Across Boundaries
artist_00018,Adam Beyer
artist_00019,Adam Pits
artist_00009,ADIEL
artist_00020,Adriana Lopez
artist_00021,Ae:ther
artist_00022,Agents of Time
artist_00023,Agonis
artist_00010,AIDA
artist_00024,Alarico
artist_00011,ALCATRAZ
artist_00025,Alci
artist_00026,Aldonna
artist_00027,Aletha
artist_00028,Alex Kassian
artist_00029,Alexandria
artist_00030,Alexia Glensy
artist_00031,Altinbas
artist_00032,Amaliah
artist_00033,Amanda Mussi
artist_00034,Among trees
artist_00012,AMORAL
artist_00035,Amotik
artist_00036,Andrea Oliva
artist_00037,Andy Garvey
artist_00038,Andy Martin
artist_00039,Anetha
artist_00763,angelboy
artist_00040,Anil Aras
artist_00013,ANNĒ
artist_00041,Antal
artist_00042,Anthony Linell
artist_00043,Anthony Parasole
artist_00044,Antonio Ruscito & Luigi Tozzi
artist_00045,Anz
artist_00046,Arthur Rober
artist_00047,Arthur Robert
artist_00048,Atmos Blaq
artist_00049,Audrey Danza
artist_00050,Aurora Halal
artist_00051,Automatic Writing
artist_00052,Ays
artist_00059,Bae Blade
artist_00060,Bakio
artist_00061,Bambounou
artist_00062,Baraka
artist_00063,Barbara Boeing
artist_00064,Barker
artist_00065,Baron Von Trax
artist_00066,Bart Skils
artist_00067,Bas Dobbelaer
artist_00068,Bashkka
artist_00069,Bass-D
artist_00070,Bauernfeind
artist_00071,Beatrice
artist_00072,Beatrice M.
artist_00073,Beau Didier
artist_00074,Bebe Bad
artist_00053,BELLA
artist_00075,Bella Claxton
artist_00076,Ben Klock
artist_00077,Ben Sims
artist_00078,Ben UFO
artist_00079,Benjamin Berg
artist_00080,Benji
artist_00081,Benny Rodrigues
artist_00082,Benny2
artist_00083,Benwal
artist_00084,Berkan V8
artist_00085,Beste Hira
artist_00086,Beswerda
artist_00054,BIANKA
artist_00087,Bibi Seck
artist_00088,Bibtiana
artist_00055,BIIANCO
artist_00089,Bitter Babe
artist_00056,BLANKA
artist_00090,Blasha & Allatt
artist_00057,BLOND:ISH
artist_00091,Bontan
artist_00092,Boris Acket
artist_00093,Boris Coelman
artist_00094,Boris Werner
artist_00095,Boys Noize
artist_00096,Bradley Zero
artist_00097,Brandfee
artist_00098,Brass Rave Unit
artist_00099,Brina Knauss
artist_00058,BSS
artist_00100,Budino
artist_00101,Bushbaby
artist_00102,Byron Yeates
artist_00103,CAIVA
artist_00765,cap
artist_00104,CARISTA
artist_00112,Carlita
artist_00113,Carlos Valdes
artist_00114,Carmen Electro
artist_00115,Carmen Lisa
artist_00116,Casper Tielrooij
artist_00117,Cassian
artist_00105,CCL
artist_00118,Celeste
artist_00119,Chami
artist_00120,Chaos in The CBD
artist_00121,Charlotte de Witte
artist_00122,Charmaine
artist_00106,CHEWCHEW
artist_00123,Chloé Robinson
artist_00124,Chlär
artist_00125,Chontane
artist_00126,Chris Stussy
artist_00127,Chrissie
artist_00128,Christian AB
artist_00129,Cincity
artist_00130,Cinema Royale
artist_00131,Cinnaman
artist_00132,Clara Cuvé
artist_00133,Clarisa Kimskii
artist_00134,Claudio PRC
artist_00135,Club 23:00 - 1:00 TITIA 1:00 - 3:00 Paramida 3:00 - 5:00 tINI & Saoirse Colorfloor 0:00 - 2:00 Paulete Lindacelva 2:00 - 4:00 Josh Caffe
artist_00137,Club: 23:00 - 1:00 Karina Schneider 1:00 - 3:00 Blasha & Allatt 3:00 - 5:00 Fadi Mohem & Ogazón Colorfloor 0:00 - 2:00 Andy 2:00 - 4:00 Faustin
artist_00138,Club: 23:30 - 1:00 Victor 1:00 - 3:00 Sedef Adasi & Roi Perez 3:00 - 5:00 Eris Drew Colorfloor: 0:00 - 2:00 Vuur 2:00 - 4:00 Carlos Valdes (techno)
artist_00139,Coast 2 Coast
artist_00140,Cobahn
artist_00141,Coco Maria
artist_00142,Colin Benders
artist_00143,Collabs 3000
artist_00144,Collé
artist_00145,Colyn
artist_00146,Combined Type
artist_00147,Comrade Winston
artist_00148,Cormac
artist_00149,Costanza
artist_00150,Courtesy
artist_00107,COURTYARD 14:00 17:00 Dj Tracksuit 17:00 19:00 Nathalie Seres 19:00 21:00 Shy One 21:00 23:00 Dj Swisha CLUB 23:00 1:00 Bambounou b2b Kikelomo 1:00 3:00 Ploy (ziet er heel goed uit) 3:00 5:00 Angel D'Lite b2b Bennet COLORFLOOR 17:00 20:00 Jan Koster 20:00 22:00 Teqmun 22:00 0:00 Jerrau 0:00 2:00 RHR 2:00 4:00 Nala Brown
artist_00151,Courtyard 14:00 - 16:00 Stooge Wilson B2B Pokuman 16:00 - 20:00 Benny Rodrigues B2B Samuel Deep 20:00 - 23:00 Ryan Elliot Club 22:00 - 01:00 DJ Senc 01:00 - 05:00 Truly Madly B2B Dr Banana B2B Tristan da Cunha Colorfloor 22:00 - 01:00 DJ Senc 01:00 - 05:00 Truly Madly B2B Dr Banana B2B Tristan da Cunha
artist_00152,Courtyard 14:00-17:00 Doppelgang 17:00-19:00 Gabrielle Kwarteng 19:00-21:00 BASHKKA 21:00-23:00 Mez Monty Colorfloor 18:00-22:00 TWIENA
artist_00153,Craig Richards
artist_00108,CRAVO
artist_00154,Cromby
artist_00109,CRUSH3d
artist_00110,CRYME
artist_00766,cryptofauna
artist_00155,Cubicolor
artist_00156,Curses
artist_00111,CVNTS
artist_00157,Cybersex
artist_00158,Cynthia Spiering
artist_00159,D Stone
artist_00160,D'Julz
artist_00161,D-Leria
artist_00162,D. Tiffany
artist_00163,D.Dan
artist_00164,D.Tiffany
artist_00192,Da Mouth of Madness
artist_00165,DAF
artist_00193,Daiki
artist_00194,Dan Shake
artist_00195,Dangerous Dreaming
artist_00196,Daniel Monaco
artist_00197,Daniele Temperilli
artist_00198,Danielle
artist_00199,Danilo Plessow (MCDE)
artist_00200,Daphni
artist_00201,Daria Kolosova
artist_00166,DART
artist_00202,Darwin
artist_00203,Dasha Rush
artist_00167,DAX J
artist_00205,De Sluwe Vos
artist_00206,Decoder
artist_00207,Delano Legito
artist_00208,Demi Riquísimo
artist_00209,Denis Sulta
artist_00210,Dennis Quin
artist_00211,Denver
artist_00212,Desire
artist_00213,Developer
artist_00214,Diffrent
artist_00215,Dimi Angélis
artist_00216,Diora
artist_00217,Dissolver
artist_00218,Dixon
artist_00168,DJ Almelo
artist_00169,DJ BORING
artist_00171,DJ Fart in the Club
artist_00172,DJ Frank
artist_00173,DJ Fuckoff
artist_00174,DJ Gigola
artist_00175,DJ Hyperdrive
artist_00176,DJ K
artist_00177,DJ Killing
artist_00178,DJ Leoni
artist_00180,DJ Marcelle
artist_00181,DJ Maria.
artist_00179,DJ MELL G
artist_00219,Dj Nobu
artist_00182,DJ PAULÃO
artist_00183,DJ Pete
artist_00184,DJ Red
artist_00185,DJ Senc
artist_00186,DJ Shoplifter
artist_00187,DJ Spit
artist_00767,dj sweet6teen
artist_00188,DJ TOOL
artist_00189,DJ Yazi
artist_00220,Djeff
artist_00221,Djrum
artist_00222,Donato Dozzy
artist_00223,Doudou MD
artist_00190,DPR
artist_00224,Dr Rubinstein
artist_00225,Dresden
artist_00226,Dungeon Meat
artist_00191,DVS1
artist_00227,Dyed Soundorom
artist_00229,Efdemin
artist_00230,Eli Verveine
artist_00231,Elias Mazian
artist_00232,Ellen Allien
artist_00233,Elliot Schooling
artist_00234,Elotrance
artist_00228,EMILIJA
artist_00235,Emmz
artist_00236,Emvae
artist_00237,Enequist
artist_00238,Entasia
artist_00239,Enzo Jeff
artist_00240,Eric Cloutier
artist_00241,Esi
artist_00242,Essets
artist_00243,Essy
artist_00244,Eva Vrijdag
artist_00768,evin
artist_00247,Fadi Mohem
artist_00245,FAFF
artist_00248,Fafi Abdel Nour
artist_00249,Fais Le Beau
artist_00250,Faster Horses
artist_00251,Faustin
artist_00252,Feral
artist_00769,ferrari rot
artist_00253,Fiene
artist_00254,Fireground
artist_00246,FJAAK
artist_00255,Flansie
artist_00256,Flo Massé
artist_00257,Floorplan
artist_00258,Florinsz
artist_00259,Fonte
artist_00260,Franc Fala
artist_00261,Francesco Del Garda
artist_00263,Freakenstein
artist_00264,Freddi
artist_00265,French II
artist_00266,Fumi
artist_00267,Function
artist_00268,Gabbs
artist_00269,Gabriel Muñoz
artist_00270,Gabrielle Kwarteng
artist_00271,Garcon
artist_00272,Garçon
artist_00273,Gene On Earth
artist_00274,Georgia
artist_00275,Gerd Janson
artist_00276,GiGi FM
artist_00277,Giles Peterson
artist_00278,Gizem
artist_00279,Grace Dahl
artist_00280,Grace Sands
artist_00281,Gyatso
artist_00282,HAAi
artist_00284,Hannecart
artist_00285,Harry McCanna
artist_00286,Hedda Stenberg
artist_00287,Helena Hauff
artist_00288,Helena Lauwaert
artist_00289,Herr Krank
artist_00290,Hervé
artist_00291,Hidde van Wee
artist_00292,Hitam
artist_00293,Hoesephine
artist_00294,Honey Dijon
artist_00295,HoneyLuv
artist_00296,Hostingfee
artist_00297,Hot Since 82
artist_00298,Human Space Machine
artist_00283,HUNEE
artist_00300,Hyperaktivist
artist_00301,Hysteria Temple Foundation
artist_00302,Héctor Oaks
artist_00303,I-RO
artist_00306,Identified Patient
artist_00304,IFIF
artist_00307,Ignez
artist_00308,Impérieux
artist_00309,Inafekt
artist_00310,Innersha
artist_00311,Inoz
artist_00312,Interpol
artist_00313,Isabel Soto
artist_00305,ISAbella
artist_00314,J:Me
artist_00318,Jack Fresia
artist_00319,Jaden Thompson
artist_00320,JakoJako
artist_00321,Jane Fitz
artist_00322,Janis Zielinski
artist_00323,Jasmín
artist_00324,Jasper Tygner
artist_00315,JASSS
artist_00316,JEANS
artist_00325,Jennifer Cardini
artist_00326,Jennifer Loveless
artist_00327,Jenny Cara
artist_00328,Jensen Interceptor
artist_00329,Jephta
artist_00330,Jesse G
artist_00331,Jimi Jua
artist_00332,Job de Jong
artist_00333,John Talabot
artist_00334,Jolani Jhones
artist_00335,Jordan Brando
artist_00336,Jorg Kuning (live)
artist_00337,Jorge Fons
artist_00338,Joris Voorn
artist_00339,Josey Rebelle
artist_00340,Joy Orbison
artist_00341,Joya Astou
artist_00342,Joyhauser
artist_00317,JSPRV35
artist_00343,Juicy Romance
artist_00344,Julia Maria
artist_00345,Julian Anthony
artist_00346,Julian Muller
artist_00347,Juliana X
artist_00348,Julie Desire
artist_00349,Junki Inoue
artist_00350,Juri Miralles
artist_00351,Just Lauren
artist_00352,Justin Tinderdate
artist_00353,Justine Perry
artist_00358,Kaidi Tatham
artist_00359,Kaiser
artist_00360,Kalle Pablo
artist_00361,Kamma
artist_00362,Kamma & Masalo
artist_00363,Kangding Ray
artist_00364,Kara Okay
artist_00365,Karel
artist_00366,Karina Schneider
artist_00367,Kaufman
artist_00368,Kendal
artist_00369,Kerri Chandler
artist_00370,Kerrie
artist_00371,Kessler
artist_00372,Kevin De Vries
artist_00374,Kia
artist_00375,Kikiorix
artist_00376,Kim April
artist_00377,"Kim April"""
artist_00373,KiNK
artist_00378,Kléo
artist_00379,Konduku
artist_00380,Konstantin Sibold
artist_00381,Krampf
artist_00354,KREAM
artist_00355,KTK
artist_00356,KUKU
artist_00382,Kurashi Soundsystem
artist_00383,Kybba
artist_00384,Kyle Starkey
artist_00385,Kyra Khaldi
artist_00392,Laidlaw
artist_00393,Lakuti
artist_00394,Laolu
artist_00395,Laura BCR
artist_00396,Laura Meester
artist_00397,Laura van Hal
artist_00398,Laure Croft
artist_00399,Laurent Garnier
artist_00400,Laurine
artist_00401,LazerGazer
artist_00386,LB aka LABAT
artist_00402,Lea Occhi
artist_00403,Lennart
artist_00404,Leo Sanderson
artist_00405,Leon Vynehall
artist_00406,LevyM
artist_00407,Lewis Taylor
artist_00408,Liam Palmer
artist_00409,Liane
artist_00387,LIL 'VIC
artist_00410,Lilya Mandre
artist_00411,Lin C
artist_00388,LINSKA
artist_00412,Lobster
artist_00413,Locklead
artist_00414,Loek Frey
artist_00415,Lola Edo
artist_00416,Lolsnake
artist_00417,Loods
artist_00418,Louie Vega
artist_00419,LoveFoxy
artist_00389,LSDXOXO
artist_00770,lucia lu
artist_00420,Luke Slater
artist_00421,Luke Una
artist_00422,Luke Vibert
artist_00423,Luna
artist_00424,Luna Ludmila
artist_00425,Luuk van Dijk
artist_00390,LUXE
artist_00391,LYLO
artist_00426,Lyrae
artist_00432,Maara
artist_00433,Maarten Vos
artist_00434,Maarten Vos & Max Frimout
artist_00435,Mac Declos
artist_00436,Maceo Plex
artist_00771,mad miran
artist_00437,Major Lazer
artist_00438,Makam
artist_00439,Makèz
artist_00440,Malika
artist_00441,Malindi
artist_00442,Mall Grab
artist_00427,MALOU
artist_00443,Malugi
artist_00444,Mano Le Tough
artist_00445,Marcal
artist_00446,Marcel Dettmann
artist_00447,Marco Faraone
artist_00448,Marco Shuttle
artist_00449,Mareena
artist_00450,Margie
artist_00451,Marie Malarie
artist_00452,Marino Canal
artist_00453,Marius Bø
artist_00454,Marlon Hoffstadt
artist_00428,MARRØN
artist_00455,Marsolo
artist_00456,Martinou
artist_00457,Maruwa
artist_00458,Mary Lake
artist_00459,Massano
artist_00460,Match Box
artist_00461,Mateo Dufour
artist_00462,Mathew Jonson
artist_00463,Matisa
artist_00464,Matrixxman
artist_00465,Mau P
artist_00466,Mauro Moreno
artist_00467,Max Cooper
artist_00468,Maï-Linh
artist_00469,Mbé
artist_00429,MCR-T
artist_00470,Mees Javois
artist_00471,Megan Leber
artist_00472,Mella Dee
artist_00473,Merel Helderman
artist_00474,Merve
artist_00475,Mia Cecille
artist_00476,Miamor
artist_00477,Midland
artist_00478,Mietze Conte
artist_00479,Miguel de Bois
artist_00480,Mila Black
artist_00481,Milion
artist_00482,Mind Against
artist_00483,MoBlack
artist_00484,Monophonik
artist_00485,Moody Mehran
artist_00486,Moopie
artist_00487,Mordi
artist_00488,Morgan
artist_00489,Move D
artist_00490,Moxes
artist_00491,Moxie
artist_00430,MRD
artist_00772,mul/ANNA
artist_00492,Musclecars
artist_00431,MYRA
artist_00493,Mystral
artist_00496,Na Nich
artist_00497,Nacho
artist_00498,Nadia Struiwigh
artist_00499,Najel
artist_00500,Nala Brown
artist_00501,Naomi
artist_00502,Naone
artist_00494,NDRX
artist_00503,Nelly
artist_00504,Nene H
artist_00505,Nera
artist_00506,NewTone
artist_00508,Nick Leon
artist_00509,Nick Moody
artist_00510,Nicolas Lutz
artist_00495,NIKS
artist_00511,Noach
artist_00512,Norbak
artist_00513,Not A Headliner
artist_00773,nthng
artist_00514,Nèna
artist_00515,Nørbak
artist_00517,Oberman
artist_00518,Objekt
artist_00516,OCCA
artist_00519,Oceanic
artist_00520,Ogazón
artist_00521,Olive Anguz
artist_00522,Oliver Huntemann
artist_00523,Olivia Lensen
artist_00524,Olivia Mendez
artist_00525,Ollie Lishman
artist_00526,Olympe4000
artist_00774,oma totem
artist_00527,Orpheu The Wizard
artist_00528,Oscar Mulero
artist_00529,P.E.A.R.L.
artist_00533,Pablo Bozzi
artist_00534,Paige Tomlinson
artist_00535,Pan-Pot
artist_00536,Pangaea
artist_00537,Papa Nugs
artist_00538,Paquita Gordon
artist_00539,Paramida
artist_00540,Pariah
artist_00541,Parris
artist_00542,Parrish Smith
artist_00543,Partiboi69
artist_00544,Patrice Baumel
artist_00545,Patrick Mason
artist_00546,Paul Lution
artist_00547,Paul Seul
artist_00548,Paula Temple
artist_00549,Peach
artist_00550,Pearson Sound
artist_00551,Pegassi
artist_00552,Perc
artist_00530,PHIA
artist_00553,Phil de Janeiro
artist_00554,Philippa Pacho
artist_00555,Philou Celaries
artist_00556,Philou Louzolo
artist_00557,Phone Traxxx
artist_00558,PietNormaal
artist_00559,Pila
artist_00560,Pink Concrete
artist_00561,Planetary Assault Systems
artist_00531,PLO Man
artist_00562,Ploy
artist_00563,Polar Inertia
artist_00564,Polygonia
artist_00532,PORNCEPTUAL
artist_00565,Portrait XO
artist_00566,Prance
artist_00567,Prins Thomas
artist_00568,Priori
artist_00569,Proposed line-up
artist_00570,Prosumer
artist_00571,Queen Saba
artist_00572,Quelza
artist_00573,Quest
artist_00578,Raven
artist_00579,Re-Type
artist_00580,Rebuke
artist_00581,Recondite
artist_00582,Reflex Blue
artist_00583,Regularfantasy
artist_00584,Reiss
artist_00585,Reptant
artist_00586,Retromigration
artist_00574,REZarin
artist_00587,Richard Akingbehin
artist_00588,Richie Hawtin
artist_00589,Rob Black
artist_00590,Robert Bergman
artist_00591,Robert Hood
artist_00592,Rocinha
artist_00575,ROD
artist_00593,Roger Geressen
artist_00594,Roger Gerressen
artist_00595,Roi Perez
artist_00596,Ron Obvious
artist_00597,Ron Trent
artist_00576,RONI
artist_00598,Rosa Red
artist_00599,Rosati
artist_00600,Rossi.
artist_00601,Roza Terenzi
artist_00602,Rozaly
artist_00603,Rozie
artist_00604,Running Hot
artist_00605,Ryan Elliot
artist_00606,Ryan Elliott
artist_00607,Rødhåd
artist_00608,S.A.M.
artist_00609,S3PPA
artist_00618,Sadar Bahar
artist_00619,Saidah
artist_00620,Sally C
artist_00610,SALOME
artist_00621,Sam Alfred
artist_00611,SAMA
artist_00622,Samaʼ Abdulhadi
artist_00612,SAMOH
artist_00623,Samuel Deep
artist_00624,Sandor
artist_00625,Sandrien
artist_00626,Sandwell District
artist_00627,Sansibar
artist_00628,Sarkawt Hamad
artist_00629,Sassy J
artist_00630,Satoshi
artist_00631,Satoshi Tomiie
artist_00632,Schwesta P
artist_00633,Seb H.
artist_00613,SECONDS (Phara)
artist_00614,SECONDS (Setaoc Mass)
artist_00634,Selene
artist_00635,Sellout
artist_00636,Sellout bonus Marlon
artist_00637,Sepehr
artist_00638,Serti
artist_00639,Setaoc Mass
artist_00640,Sex Wax
artist_00641,Shanti
artist_00642,Shanti Celeste
artist_00643,Sherelle
artist_00644,Shoal
artist_00645,Shoal & Vand
artist_00646,Shonky
artist_00647,Sisi
artist_00648,Skee Mask
artist_00649,Slimfit
artist_00650,Soft Break
artist_00615,SOLIT
artist_00651,Somewhen
artist_00652,Sonja Moonear
artist_00653,Sophia Violet
artist_00654,Sozef
artist_00655,Spacer Woman
artist_00656,Speedy J
artist_00657,Spekki Webu
artist_00775,spikey lee
artist_00658,Spray
artist_00659,Twiena
artist_00660,Steffi
artist_00661,Stella Zekri
artist_00662,Stephanie Sykes
artist_00616,STERAC
artist_00663,Steve Rachmad
artist_00664,Stojche
artist_00665,Storm Mollison
artist_00666,Stranger
artist_00667,Sugar Free
artist_00668,Sunil Sharpe
artist_00669,Sunju Hargun
artist_00670,Supergloss
artist_00671,Superstrings
artist_00672,Surf 2 Glory
artist_00673,Swarobski
artist_00674,Sweely
artist_00617,SWIM
artist_00675,Swimming Paul
artist_00676,Sybil
artist_00677,Syreeta
artist_00678,TAFKAMP
artist_00686,Talismann
artist_00687,Tama Sumo
artist_00688,Tammo Hesselink
artist_00689,Tasha
artist_00690,Tauceti
artist_00691,Technoslave 69
artist_00692,Temudo
artist_00693,Test Joël
artist_00679,THC
artist_00694,The Darkraver
artist_00695,The Ghost
artist_00696,The Lady Machine
artist_00697,The Trip
artist_00680,THELMA
artist_00698,Thomas P. Heckmann
artist_00699,Tida Kamara
artist_00700,Tim Reaper
artist_00701,Timmerman
artist_00702,Timnah
artist_00703,Timo Nikson
artist_00681,TINS
artist_00704,Tjade
artist_00682,TLM  Airlines
artist_00705,Toman
artist_00706,Tommy Chikara
artist_00707,Tommy Gold
artist_00708,Tonco
artist_00709,Tonno Disko
artist_00710,Toobris
artist_00711,Traumer
artist_00712,Travis
artist_00713,Trikk
artist_00714,Trippy Tins
artist_00715,Tsepo
artist_00683,TSHA
artist_00776,u.r. trax
artist_00716,UFO95
artist_00718,Umwelt
artist_00719,Uni Son
artist_00777,upsammy
artist_00720,Us Two
artist_00717,UVB
artist_00725,Valeby
artist_00726,Valody
artist_00727,Vanille
artist_00728,Vardae
artist_00729,Varuna Agosti
artist_00721,VEL
artist_00730,Velasco
artist_00731,Vera Grace
artist_00732,Vera Logdanidi
artist_00733,Vera Moro
artist_00734,Verity
artist_00735,Victor Ruiz
artist_00736,Victoria De Angelis
artist_00722,VIL
artist_00737,Vince
artist_00738,Virginia
artist_00739,Vlada
artist_00723,VNTM
artist_00740,Voigtmann
artist_00724,VRIL
artist_00741,Wata Igarashi
artist_00742,Weska
artist_00743,Westside Gunn
artist_00744,Weval
artist_00745,Wispelturig
artist_00746,Woo York
artist_00747,Woody92
artist_00748,X CLUB.
artist_00749,X-COAST
artist_00750,Xiaolin
artist_00753,Yanamaste
artist_00751,YASMIN REGISFORD
artist_00754,Yazzus
artist_00752,YONES
artist_00755,Yoshiko
artist_00756,Young Marco & Max Frimout
artist_00757,Yulia Niko
artist_00758,Yung Singh
artist_00759,Zenker Brothers
artist_00760,Zisko
artist_00778,Âme
artist_00779,Ø [Phase]
artist_00780,ØTTA
artist_00781,Emjie
artist_00783,PAWSA
artist_00784,Alex Wann
artist_00785,WMW
artist_00788,Bedouin
artist_00789,Benja & franc fala Cole
artist_00793,DART & Bella Claxton
artist_00800,Miss Bashful x DBBD
artist_00801,Doppelgang
artist_00802,Rodriguez Jr.
artist_00803,Boris Brejcha
artist_00804,NTO
artist_00805,Adriatique
artist_00806,B.D.B
artist_00807,Overmono
artist_00808,Ross From Friends
artist_00809,Daniel Avery
artist_00810,Floating Points
artist_00811,Burial & Four Tet
artist_00812,Caribou
artist_00813,Jon Hopkins
artist_00814,Rival Consoles
artist_00815,Fritz Kalkbrenner
artist_00816,Paul Kalkbrenner
artist_00817,Booka Shade
artist_00818,Ben Böhmer & Wood
artist_00819,Ben Böhmer feat. PBSR
artist_00820,Ben Böhmer feat. Jonah
artist_00821,Ben Bohmer ft. Jonah
artist_00822,Ben Bohmer ft Monolink
artist_00823,Andhim
artist_00824,Alec Troniq
artist_00825,Niconé
artist_00826,Marek Hemmann
artist_00827,Mia Doi Todd
artist_00828,Alela Diane
artist_00829,The Unthanks
artist_00830,Beth Orton
artist_00831,Jesca Hoop
artist_00832,Joseph Capriati
artist_00833,Truncate
artist_00834,Green Velvet
artist_00835,Sven Väth
artist_00836,JXXXO
artist_00837,GLASKIN
artist_00838,Levzon
artist_00839,Roll Dann
artist_00840,Clotur
artist_00841,Tascamboy
artist_00842,Thor 54
artist_00843,A.Morgan
artist_00844,SPFDJ
artist_00845,SPFDJ / April 2 / 6pm
artist_00846,dekmantel
artist_00847,TTT X HÖR
artist_00848,Griessmuehle
artist_00849,Fisher
artist_00850,John Summit
artist_00851,Biscits
artist_00852,Odd Mob
artist_00853,Theo Parrish
artist_00854,Omar-S
artist_00855,Larry Heard
artist_00856,Lord of the Isles
artist_00857,Palms Trax
artist_00858,Terekke
artist_00859,Ludwig A.F.
artist_00860,Jack J
artist_00861,Prime Minister of Doom
artist_00862,Tuff City Kids
artist_00863,Central
artist_00864,DJ Sports
artist_00865,Cercle
artist_00866,MixMag
artist_00867,Sama' Abdulhadi
artist_00868,Resident Advisor
artist_00869,Cole Bennett
artist_00870,Teenage Mutants
artist_00871,Lilly Palmer
artist_00872,Amelie Lens
artist_00873,Nico Moreno
artist_00874,unheil
artist_00875,Sainc
artist_00876,Biolich
artist_00877,Skeleton Of God
artist_00878,Humanity Falls
artist_00879,OJ da Juiceman
artist_00880,Young Dolph
artist_00881,Waka Flocka Flame
artist_00882,Chief Keef
artist_00883,Young Jeezy
artist_00884,Robag Wruhme
artist_00885,Tiger Stripes
artist_00886,Ricardo Villalobos
artist_00887,Isolée
artist_00888,Marc Houle
artist_00889,Tale of Us
artist_00890,CamelPhat
artist_00891,Solomun
artist_00892,Kölsch
artist_00893,Layton Giordani
artist_00894,Belocca
artist_00895,Cosmic Boys
artist_00896,Thomas Schumacher
artist_00897,Mark Reeve
artist_00898,Enrico Sangiuliano
artist_00899,Spektre
artist_00900,UMEK
artist_00901,Jenna
artist_00902,aupinard
artist_00903,Lynn
artist_00904,Yoa
artist_00905,Mauvaise Bouche
artist_00906,INNELLEA
artist_00907,Fideles
artist_00908,Coeus
artist_00909,Tommy Four Seven
artist_00910,SNTS
artist_00911,Ancient Methods
artist_00912,I Hate Models
artist_00913,Under Black Helmet
artist_00914,Midland & Pariah
artist_00915,Trade
artist_00916,MPIA3
artist_00917,Perc & Truss
artist_00918,The Analogue Cops & Blawan
artist_00919,Vladimir Dubyshkin
artist_00920,Nina Kraviz
artist_00921,Elephantis
artist_00922,Kings At Heart
artist_00923,No Honour
artist_00924,Demoraliser
artist_00925,Empires Fade
artist_00926,Skipper
artist_00927,Kool John
artist_00928,Shill Macc
artist_00929,Tee Flii
artist_00930,SFN DEE
artist_00931,Mihai Popoviciu
artist_00932,Super Flu
artist_00933,Brodinski
artist_00934,Djedjotronic
artist_00935,Noob & Harvard Bass
artist_00936,Jan Driver
artist_00937,Bart B More & Harvard Bass
artist_00938,Strip Steve & Das Glow
artist_00939,Michel de Hey
artist_00940,Egbert
artist_00941,Arjuna Schiks
artist_00942,DJ Promo
artist_00943,Lady Dana
artist_00944,Ruthless & Vorwerk
artist_00945,DJ Dark-E
artist_00946,DJ Coone
artist_00947,Tommy Holohan
artist_00948,Effy
artist_00949,Skin On Skin
artist_00950,BAUGRUPPE90
artist_00951,DJ これからの緊急災害
artist_00952,L.F.T.
artist_00953,Hermeth
artist_00954,Assembler Code
artist_00955,Laslowb aka Synus0006
artist_00956,DJ Mau Mau
artist_00957,HE VALENCIA
artist_00958,森俊彦
artist_00959,Raditz Room
artist_00960,Cloonee
artist_00961,Mochakk
artist_00962,Sosa UK
artist_00963,ANOTR
artist_00964,jossy mitsu
artist_00965,Volruptus
artist_00966,Mani Festo
artist_00967,An Avrin
artist_00968,Max Cooper & Tom Hodge
artist_00969,Christian Löffler
artist_00970,Kiasmos
artist_00971,Gidge
artist_00972,Dominik Eulberg
artist_00973,Ansome
artist_00974,Manni Dee
artist_00975,Surgeon
artist_00976,Meetsysteem
artist_00977,AMBER BROOS
artist_00978,Ahmet Sisman & VNNN.
artist_00979,Marie K
artist_00980,KEMS KRIOL
artist_00981,OUT OF PLACE ARTEFACTS
artist_00982,Lokier
artist_00983,Paus
artist_00984,The Littlest Viking
artist_00985,Volta Do Mar
artist_00986,Manacle
artist_00987,Planets
artist_00988,Antima
artist_00989,Graphyt
artist_00990,Chibs
artist_00991,Supercool!
artist_00992,Ecraze
artist_00993,WYD
artist_00994,Wasp Factory
artist_00995,Mary Lynn
artist_00996,Zoo Trippin'
artist_00997,Jessica Smucker
artist_00998,Secret Cinema
artist_00999,Dana Bergquist
artist_01000,DJ Steaw
artist_01001,Delacour
artist_01002,Diøn
artist_01003,Illiya Korniyenko
artist_01004,CYNKT
artist_01005,Dyen
artist_01006,Ineffekt
artist_01007,Lövestad
artist_01008,Coloray
artist_01009,David Vunk
artist_01010,Idaly
artist_01011,Romeijn
artist_01012,Saaff
artist_01013,Joshua Robbie
artist_01014,Menesix
artist_01015,T78
artist_01016,Kettama
artist_01017,Junior Jack
artist_01018,Robbie Doherty
artist_01019,KUKO
artist_01020,Ben Techy
artist_01021,IN VERRUF
artist_01022,Klangkuenstler
artist_01023,Hi-Lo
artist_01024,Kozlov
artist_01025,Brecc
artist_01026,REPHATE
artist_01027,L Ʌ V Σ N
artist_01028,Alignment
artist_01029,VIPER DIVA
artist_01030,Luigi Madonna
artist_01031,Johannes Heil
artist_01032,Stephan Bodzin
artist_01033,Dusty Kid
artist_01034,Musicology
artist_01035,The Dice Man
artist_01036,B12
artist_01037,Dr Alex Paterson
artist_01038,SHXCXCHCXSH
artist_01039,Rikhter
artist_01040,Introversion
artist_01041,Oake
artist_01042,Bours?
artist_01043,Vilchezz
artist_01044,RUIZ OSC1
artist_01045,Felicie
artist_01046,Pakard
artist_01047,Motek
artist_01048,De Portables
artist_01049,Codes in the Clouds
artist_01050,Mogwai
artist_01051,Ghinzu
artist_01052,Wehbba
artist_01053,Jay Lumen
artist_01054,ARODES
artist_01055,Patrice Bäumel
artist_01056,Ruze
artist_01057,Josh Baker
artist_01058,Max Dean
artist_01059,MDL vs JR
artist_01060,Kryptic Minds & Paul Mac
artist_01061,Tripeo
artist_01062,Dimi Angélis & Jeroen Search
artist_01063,Joton
artist_01064,Regent
artist_01065,Kuss
artist_01066,JKS
artist_01067,Deborah De Luca
artist_01068,CLTX
artist_01069,Diazepin
artist_01070,DICA
artist_01071,AIROD
artist_01072,Space 92
artist_01073,Intercell
artist_01074,¥ØU$UK€ ¥UK1MAT$U | Boiler Room
artist_01075,Wilkinson
artist_01076,Awakenings
artist_01077,Rebekah
artist_01078,Osmosis Jones
artist_01079,dj pgz
artist_01080,Argy
artist_01081,Mathame
artist_01082,ARTBAT
artist_01083,Christian Smith & John Selway
artist_01084,Alex Bau
artist_01085,Gaetano Parisio
artist_01086,Rub A Dub
artist_01087,De La Swing
artist_01088,Neverdogs
artist_01089,Hector Couto
artist_01090,Enrico Bellan
artist_01091,Stef Davidse
artist_01092,Kepler.
artist_01093,Treasure Series
artist_01094,Keith Carnal
artist_01095,Etapp Kyle
artist_01096,Sara Landry
artist_01097,Answer Code Request
artist_01098,Regal
artist_01099,BOSTON 168
artist_01100,OLLIN KAN
artist_01101,Svenja Leopold
artist_01102,Wild Royal Coast
artist_01103,Lost Causes
artist_01104,Juno (DE)
artist_01105,Alan Fitzpatrick
artist_01106,Timmo
artist_01107,A*S*Y*S
artist_01108,broederliefde
artist_01109,Gers Pardoel
artist_01110,Boef
artist_01111,Madcon
artist_01112,Flo Rida
artist_01113,Raghav
artist_01114,Panther
artist_01115,Ikka
artist_01116,Fotty Seven
artist_01117,King
artist_01118,Basswell
artist_01119,Karashnikov
artist_01120,Charlie Sparks (UK)
artist_01121,Onlynumbers
artist_01122,Stan Christ
artist_01123,Ingi Visions
artist_01124,Grobbie
artist_01125,Larry de Kat
artist_01126,James Ruskin
artist_01127,Marcel Fengler
artist_01128,ADMNTi
artist_01129,Boss Priester
artist_01130,Enzo Siragusa
artist_01131,ADR (UK)
artist_01132,Nuno dos Santos
artist_01133,Adrian Hour
artist_01134,Roberto Capuano
artist_01135,Mitch De Klein
artist_01136,Wurtz
artist_01137,Rob Hes
artist_01138,Dyzen
artist_01139,Bjarki
artist_01140,Ishome
artist_01141,Shadowax
artist_01142,Andrew Azara
artist_01143,Rooléh
artist_01144,chinonegro
artist_01145,Simon Kidzoo
artist_01146,Team Rush Hour
artist_01147,Afro Bros
artist_01148,Bam Bam Papi
artist_01149,Roeland Beelen
artist_01150,Langa
artist_01151,Cari Lekebusch
artist_01152,Marco Bailey
artist_01153,The Advent
artist_01154,Le Rubrique
artist_01155,S7RENS
artist_01156,Lammer
artist_01157,Arman John
artist_01158,Im kellar
artist_01159,Mark du Mosch
artist_01160,Electrick Dragon
artist_01161,The Hasbeens
artist_01162,Valerie Ace
artist_01163,Afem Syko
artist_01164,Adrian Mills
artist_01165,Lucas Boston
artist_01166,Pedro Bertho
artist_01167,gabi fischer
artist_01168,Dan Goul
artist_01169,Parallx
artist_01170,Cadency
artist_01171,Inhalt der Nacht
artist_01172,ABSL
artist_01173,Vincent Caira
artist_01174,Dirty Channels
artist_01175,Joe Corti
artist_01176,Austin Ato
artist_01177,Sem Jacobs
artist_01178,Lee Curtiss
artist_01179,Gadi Mizrahi
artist_01180,Maayan Nidam
artist_01181,Wolf + Lamb
artist_01182,Guillaume & The Coutu Dumonts
artist_01183,Luciid
artist_01184,Raxeller
artist_01185,Carv
artist_01186,DJ Europarking
artist_01187,Nic Fanciulli
artist_01188,The Blessed Madonna
artist_01189,Durdenhauer
artist_01190,Trym
artist_01191,Andre Zimmer
artist_01192,Vitess
artist_01193,Kolter
artist_01194,Danny Snowden
artist_01195,RSquared
artist_01196,Nicole Moudaber
artist_01197,Len Faki
artist_01198,Julian Jeweil
artist_01199,Taucher
artist_01200,Alter Ego
artist_01201,Resistance D
artist_01202,Der Dritte Raum
artist_01203,Artefakt
artist_01204,Ben van Kuringen
artist_01205,stussko
artist_01206,Patrick Prins
artist_01207,Turfy Gang
artist_01208,René le Blanc
artist_01209,Biia
artist_01210,Kander
artist_01211,NTBR
artist_01212,Elodie
artist_01213,Al.Hy
artist_01214,Yoann Freget
artist_01215,Brice Conrad
artist_01216,Sophie-Tith
artist_01217,1789
artist_01218,Les Amants de la Bastille
artist_01219,Alex Bilancini
artist_01220,David LaFhionntain
artist_01221,Ugandan Methods
artist_01222,CTRLS
artist_01223,vinya
artist_01224,dubdogz
artist_01225,Cat Dealers
artist_01226,Alok
artist_01227,Illusionize
artist_01228,Bhaskar
artist_01229,Diablo
artist_01230,Arsis
artist_01231,Omnium Gatherum
artist_01232,Norther
artist_01233,Mokoma
artist_01234,Odymel
artist_01235,Funk Tribu
artist_01236,The Rocketman
artist_01237,Deniz Bul
artist_01238,Hozho
artist_01239,Ann Clue
artist_01240,Sam Paganini
artist_01241,Oxia
artist_01242,East End Dubs
artist_01243,Solee
artist_01244,Oliver Schories
artist_01245,Einmusik
artist_01246,MAXI MERAKI
artist_01247,Jay Dunham
artist_01248,Warhaus
artist_01249,Maxim Lany
artist_01250,mallin
artist_01251,Atonism
artist_01252,yant
artist_01253,Linear System
artist_01254,DeMarzo
artist_01255,Kobosil
artist_01256,Equalz
artist_01257,Valsbezig
artist_01258,SBMG
artist_01259,Dave Roelvink
artist_01260,Tino Martin
artist_01261,Cando
artist_01262,캐스퍼
artist_01263,Yumi Nu
artist_01264,Seiren
artist_01265,No Sleep Club
artist_01266,Anyma
artist_01267,Mossano
artist_01268,Nyctonian
artist_01269,XRTN
artist_01270,Juul Exler
artist_01271,Per Pleks
artist_01272,Azyr
artist_01273,Stef Mendesidis
artist_01274,Rene Wise
artist_01275,Bailey Ibbs
artist_01276,Musical Jazz
artist_01277,Mellow & Sleazy
artist_01278,Mr JazziQ
artist_01279,Jay Music
artist_01280,Vigro Deep
artist_01281,Mela Bedel
artist_01282,WAYB
artist_01283,Sıla Şahin
artist_01284,Doğu Swag
artist_01285,Poizi
artist_01286,Acid Asian
artist_01287,Simone Tavazzi
artist_01288,Rudosa
artist_01289,SRVD
artist_01290,Paula Cazenave
artist_01291,Miss Melera
artist_01292,KOKO.IT
artist_01293,Plush Managements Inc.
artist_01294,Inland Knights
artist_01295,Waff
artist_01296,PRUNK
artist_01297,M-High
artist_01298,Feiertag
artist_01299,Marian (BR)
artist_01300,Freenzy Music
artist_01301,Nacho Scoppa
artist_01302,Jay de Lys
artist_01303,Ferra Black
artist_01304,Fenrick
artist_01305,Part Time Killer
artist_01306,Kurd Maverick
artist_01307,David Kane
artist_01308,Gregor Salto
artist_01309,Till West & DJ Delicious
artist_01310,Dave Spoon
artist_01311,Nicky Romero
artist_01312,Alesso
artist_01313,Martin Garrix
artist_01314,Hardwell
artist_01315,R3hab
artist_01316,Richard Harvey
artist_01317,Santos Rodriguez
artist_01318,Jeff Mills
artist_01319,Plastikman
artist_01320,Quadrant
artist_01321,Elderbrook
artist_01322,Franky Wah
artist_01323,Cristoph
artist_01324,Vintage Culture
artist_01325,Linds
artist_01326,Some Guest
artist_01327,Mixolydian
artist_01328,Julien Riess
artist_01329,Markus Weigelt
artist_01330,Patrick Scuro
artist_01331,Drunken Kong
artist_01332,Clap Codex
artist_01333,Niotech
artist_01334,byorn
artist_01335,IOA
artist_01336,Funk Assault
artist_01337,Danny Wabbit
artist_01338,Lars Huismann
artist_01339,Obskür
artist_01340,Frits Wentink
artist_01341,Cinthie
artist_01342,Eugene Arango
artist_01343,Patato
artist_01344,Patato Valdes
artist_01345,Chuchito Valdes
artist_01346,¡Cubanismo!
artist_01347,HUJUS
artist_01348,Ferdinger
artist_01349,Khas
artist_01350,Aidan Rudd
artist_01351,Mha Iri
artist_01352,Eli Brown
artist_01353,Karla Blum
artist_01354,Jamie Jones
artist_01355,Marcus Worgull
artist_01356,Code 718
artist_01357,FRANKEY
artist_01358,Fur Coat
artist_01359,Art Department
artist_01360,Axel Boman
artist_01361,Joy Anonymous
artist_01362,Octo Octa
artist_01363,Avalon Emerson
artist_01364,ZHU
artist_01365,Purple Disco Machine
artist_01366,Gorgon City
artist_01367,Rainer Weichhold
artist_01368,Marco Effe
artist_01369,Anton Pieete
artist_01370,Martin Eyerer & Benno Blome
artist_01371,Ante Perry vs. Tube & Berger
artist_01372,Asa Tate
artist_01373,Subb-an
artist_01374,Gabriel Belabbas
artist_01375,Per Hammar
artist_01376,Marcu Rares
artist_01377,Chris Liebing
artist_01378,JakoJako & Rødhåd
artist_01379,Mark Van Hoen
artist_01380,Alessandro Cortini
artist_01381,blk.
artist_01382,OGUZ
artist_01383,lessss
artist_01384,ventur
artist_01385,Witte Beer
artist_01386,Gordian Stimm
artist_01387,Mason Edwards
artist_01388,Rosseau
artist_01389,Proyecto Soledad
artist_01390,Beck Rollins
artist_01391,Jwave
artist_01392,CATCH A
artist_01393,Cam Stockman
artist_01394,Vigi
artist_01395,Marvin Aloys
artist_01396,MANIBA
artist_01397,Dutchican Soul
artist_01398,Kim Kaey
artist_01399,Eris Drew
artist_01400,Anthony Naples
artist_01401,Sofia Kourtesis
artist_01402,Mark Knight
artist_01403,Nick Curly
artist_01404,Sonny Fodera
artist_01405,Joel Corry
artist_01406,BSS (AMS)
artist_01407,Known Artist
artist_01408,Dj ADHD
artist_01409,Shlømo
artist_01410,mischluft
artist_01411,Schacke
artist_01412,Brutalismus 3000
artist_01413,Paula van Klar
artist_01414,Anna Reusch
artist_01415,Ixxel
artist_01416,B Jones
artist_01417,SAMDMA
artist_01418,BlasterJaxx
artist_01419,Tujamo
artist_01420,Dimitri Vegas & Like Mike
artist_01421,Bassjackers
artist_01422,Mike Candys
artist_01423,Fcukers
artist_01424,Jayda G
artist_01425,Elkka
artist_01426,Kevin McKay
artist_01427,Why U So
artist_01428,David Penn
artist_01429,Parallel Voices
artist_01430,Luttrell
artist_01431,tagavaka
artist_01432,Lar
artist_01433,Matt Fax
artist_01434,Thysma
artist_01435,Sonic Future
artist_01436,Hollt
artist_01437,Amy Root
artist_01438,Sam Hofman
artist_01439,Dj Ip
artist_01440,Felipe Gordon
artist_01441,Crackazat
artist_01442,Folamour
artist_01443,Session Victim
artist_01444,Black Loops
artist_01445,Eden Aurelius
artist_01446,Jeroen Search
artist_01447,Forest On Stasys
artist_01448,Błażej Malinowski
artist_01449,Saele Valese
artist_01450,Olivier ROMERO
artist_01451,Madvilla
artist_01452,Aron Volta
artist_01453,Casual Treatment
artist_01454,Inox Traxx
artist_01455,Augusto Taito
artist_01456,Maus
artist_01457,Borko
artist_01458,Eberg
artist_01459,Pétur Ben
artist_01460,Ampop
artist_01461,Chico Rose (NL)
artist_01462,Chardy
artist_01463,Korolova
artist_01464,Silver Panda
artist_01465,Luke Dean
artist_01466,Saponification
artist_01467,PRICHUDLIVIY ZARODISH
artist_01468,Anal Nosorog
artist_01469,Necrocannibalistic Vomitorium
artist_01470,Mutant Factor
artist_01471,Kasper Marott
artist_01472,Gaston fiore
artist_01473,Taly & Smith
artist_01474,TOPS
artist_01475,Japanese Breakfast
artist_01476,strongboi
artist_01477,Men I Trust
artist_01478,Caroline Rose
artist_01479,Ellen Allien & Apparat
artist_01480,Sascha Funke
artist_01481,Modeselektor
artist_01482,Apparat
artist_01483,Advanced Human
artist_01484,Exium
artist_01485,Moerbeck
artist_01486,Stefan Vincent
artist_01487,Gino Holroyd
artist_01488,Vilda
artist_01489,Axmod
artist_01490,Thomas Ford
artist_01491,Berry Juice
artist_01492,Geddy Lee
artist_01493,Yes
artist_01494,Dream Theater
artist_01495,Genesis
artist_01496,Spock's Beard
artist_01497,Santøs
artist_01498,DRØS
artist_01499,KSMS
artist_01500,DTKØ
artist_01501,Milion (NL)
artist_01502,Yogi P
artist_01503,Nas Elmes
artist_01504,Conor Harris
artist_01505,Kreech
artist_01506,The Flirts
artist_01507,Lime
artist_01508,Patrick Cowley
artist_01509,Hazell Dean
artist_01510,LP Giobbi
artist_01511,DJ Heartstring
artist_01512,Upper90
artist_01513,Grand V
artist_01514,Eversines
artist_01515,Eoin DJ
artist_01516,The Exaltics
artist_01517,Gesloten Cirkel
artist_01518,Bergsonist
artist_01519,Dom Dolla
artist_01520,Chris Lake
artist_01521,James Hype
artist_01522,ÅMRTÜM
artist_01523,Seelenkodex
artist_01524,Robin Schulz
artist_01525,Kygo
artist_01526,Felix Jaehn
artist_01527,Ofenbach
artist_01528,Sam Feldt
artist_01529,Farrago
artist_01530,Brame & Hamo
artist_01531,Marquis Hawkes
artist_01532,Big Miz
artist_01533,Gino Da Koda
artist_01534,Tomi&Kesh
artist_01535,Italobros
artist_01536,VITO (UK)
artist_01537,Angel Heredia
artist_01538,Fejká
artist_01539,Avoure
artist_01540,Karenn
artist_01541,Carrier
artist_01542,Marie Vaunt
artist_01543,flkn
artist_01544,Lewis Fautzi
artist_01545,Yves V
artist_01546,Vinai
artist_01547,Steff da Campo
artist_01548,Dance Fruits Music
artist_01549,Black Cadmium
artist_01550,MONTY DJ
artist_01551,JO3Y3T
artist_01552,Ikkhi
artist_01553,BLNK
artist_01554,BYØRN
artist_01555,6ejou
artist_01556,MAHTAL
artist_01557,BURAK YETER & DANELLE SADOVAL
artist_01558,Jahkarta & Jacob Luttrell
artist_01559,Slider & Magnit & Penny Foster
artist_01560,Prins S. en De Geit
artist_01561,Major Lazer & Nyla
artist_01562,Linde Schöne
artist_01563,puntjudith
artist_01564,Pryda
artist_01565,Swedish House Mafia
artist_01566,Axwell
artist_01567,Cirez D
artist_01568,Armand van Helden
artist_01569,t e s t p r e s s
artist_01570,DubVision
artist_01571,Afrojack
artist_01572,Matisse & Sadko
artist_01573,Miss Bashful
artist_01574,Closet Yi
artist_01575,Bliss Inc
artist_01576,S.O.N.S
artist_01577,Mike Parker
artist_01578,Rrose
artist_01579,Alva Noto
artist_01580,Holden Federico
artist_01581,Ben Reymann
artist_01582,red rooms
artist_01583,Chanje
artist_01584,JUICY SELEKTA
artist_01585,The Gentle Storm
artist_01586,The Gathering
artist_01587,Oceans of Slumber
artist_01588,Star One
artist_01589,Ayreon
artist_01590,Don Diablo
artist_01591,Tchami
artist_01592,Chocolate Puma
artist_01593,Mike Williams
artist_01594,F-Rontal
artist_01595,Beico & Mt93
artist_01596,Nusha
artist_01597,Patrik Berg
artist_01598,Anna V.
artist_01599,Fedde Le Grand
artist_01600,Bingo Players
artist_01601,Laidback Luke
artist_01602,DJ Antoine
artist_01603,Flemming
artist_01604,Snelle
artist_01605,Yves Berendse
artist_01606,Maan
artist_01607,Julio Navas
artist_01608,Kyle Walker
artist_01609,Classmatic
artist_01610,Miane
artist_01611,vromo
artist_01612,Dylan Fogarty
artist_01613,Rove Ranger
artist_01614,Lucass P
artist_01615,Axwell /\ Ingrosso
artist_01616,Alex Farell
artist_01617,AILE
artist_01618,ポワトリン
artist_01619,イロクイ。
artist_01620,Dollis Marry
artist_01621,シリアル⇔NUMBER
artist_01622,Denis Horvat
artist_01623,Barem
artist_01624,Ambivalent
artist_01625,Fabrizio Maurizi
artist_01626,Click Box
artist_01627,Tractile
artist_01628,753
artist_01629,Rzvx
artist_01630,Fnch
artist_01631,alt8
artist_01632,Sol Ortega
artist_01633,Raredub
artist_01634,STÜM
artist_01635,Jovonn
artist_01636,Masters at Work
artist_01637,Glenn Underground
artist_01638,Motor City Drum Ensemble
artist_01639,Mood II Swing
artist_01640,Archie Hamilton
artist_01641,Seb Zito
artist_01642,Max Chapman
artist_01643,Pirate Copy
artist_01644,Erly Tepshi
artist_01645,biskuwi
artist_01646,Earthlife
artist_01647,19:26
artist_01648,UC Beatz
artist_01649,Midas Field
artist_01650,Sidney Charles
artist_01651,Jamback
artist_01652,Jordan Peak
artist_01653,Max Styler
artist_01654,AYYBO
artist_01655,re:ni
artist_01656,Powell
artist_01657,Yushh & Jurango
artist_01658,Duckett
artist_01659,Batu
artist_01660,Abo Abo
artist_01661,Trois-Quarts Taxi System
artist_01662,K.O.P. 32
artist_01663,TaDan
artist_01664,Kaisei
artist_01665,Mix Mup
artist_01666,Pev & Kowton
artist_01667,Oneman
artist_01668,Elgato
artist_01669,Boddika & Joy Orbison
artist_01670,Fatima Yamaha
artist_01671,Bicep
artist_01672,Kaiserdisco
artist_01673,Henri Bergmann
artist_01674,mark hoffen
artist_01675,Jono Stephenson
artist_01676,Daniel Levak
artist_01677,A.D.H.S.
artist_01678,Oliver Heldens
artist_01679,D.O.D
artist_01680,CERA KHIN
artist_01681,Korse
artist_01682,New Frames
artist_01683,Dimitri Vegas
artist_01684,Timmy Trumpet
artist_01685,KSHMR
artist_01686,Angara
artist_01687,Paul Thomas
artist_01688,Promise Land
artist_01689,Daddy's Groove
artist_01690,Bougenvilla
artist_01691,Jewelz & Sparks
artist_01692,Yung Felix
artist_01693,Lacchesi
artist_01694,Sick Individuals
artist_01695,Jay Hardway
